category,item,calories,fat_g,carb_g,fiber_g,protein_g,sugars_g,retailer
Classic Espresso Drinks,Caffe Americano,5,0,5,0,0.4,0,Starbucks
Classic Espresso Drinks,Caffe Americano,10,0,10,0,1,0,Starbucks
Classic Espresso Drinks,Caffe Americano,15,0,15,0,1,0,Starbucks
Classic Espresso Drinks,Caffe Americano,25,0,15,0,1,0,Starbucks
Classic Espresso Drinks,Caffe Latte,70,0.1,75,0,6,9,Starbucks
Classic Espresso Drinks,Caffe Latte,70,2.5,65,1,5,4,Starbucks
Classic Espresso Drinks,Caffe Latte,100,0.2,120,0,10,14,Starbucks
Classic Espresso Drinks,Caffe Latte,100,3.5,85,0,6,9,Starbucks
Classic Espresso Drinks,Caffe Latte,110,4.5,105,1,8,6,Starbucks
Classic Espresso Drinks,Caffe Latte,130,0.3,150,0,13,18,Starbucks
Classic Espresso Drinks,Caffe Latte,150,5,130,1,10,8,Starbucks
Classic Espresso Drinks,Caffe Latte,150,6,135,0,10,14,Starbucks
Classic Espresso Drinks,Caffe Latte,170,0.4,190,0,16,23,Starbucks
Classic Espresso Drinks,Caffe Latte,190,7,170,0,12,17,Starbucks
Classic Espresso Drinks,Caffe Latte,190,7,170,2,13,11,Starbucks
Classic Espresso Drinks,Caffe Latte,240,9,220,0,16,22,Starbucks
Classic Espresso Drinks,Caffe Mocha (Without Whipped Cream),110,1.5,60,1,7,17,Starbucks
Classic Espresso Drinks,Caffe Mocha (Without Whipped Cream),110,3.5,55,2,6,13,Starbucks
Classic Espresso Drinks,Caffe Mocha (Without Whipped Cream),130,4,70,1,6,17,Starbucks
Classic Espresso Drinks,Caffe Mocha (Without Whipped Cream),170,2,100,1,10,27,Starbucks
Classic Espresso Drinks,Caffe Mocha (Without Whipped Cream),180,5,85,2,9,20,Starbucks
Classic Espresso Drinks,Caffe Mocha (Without Whipped Cream),200,6,115,1,10,26,Starbucks
Classic Espresso Drinks,Caffe Mocha (Without Whipped Cream),220,2.5,125,2,13,34,Starbucks
Classic Espresso Drinks,Caffe Mocha (Without Whipped Cream),230,7,105,3,11,26,Starbucks
Classic Espresso Drinks,Caffe Mocha (Without Whipped Cream),260,8,140,2,13,34,Starbucks
Classic Espresso Drinks,Caffe Mocha (Without Whipped Cream),280,3,160,2,17,44,Starbucks
Classic Espresso Drinks,Caffe Mocha (Without Whipped Cream),290,9,140,4,14,33,Starbucks
Classic Espresso Drinks,Caffe Mocha (Without Whipped Cream),340,11,180,2,17,43,Starbucks
Classic Espresso Drinks,Cappuccino,50,0.1,60,0,5,7,Starbucks
Classic Espresso Drinks,Cappuccino,50,1.5,40,0,3,3,Starbucks
Classic Espresso Drinks,Cappuccino,60,0.1,70,0,6,8,Starbucks
Classic Espresso Drinks,Cappuccino,70,3,65,1,5,4,Starbucks
Classic Espresso Drinks,Cappuccino,80,0.2,90,0,8,10,Starbucks
Classic Espresso Drinks,Cappuccino,80,3,70,0,5,7,Starbucks
Classic Espresso Drinks,Cappuccino,90,3.5,80,0,6,8,Starbucks
Classic Espresso Drinks,Cappuccino,100,3.5,80,1,7,5,Starbucks
Classic Espresso Drinks,Cappuccino,110,0.2,120,0,10,14,Starbucks
Classic Espresso Drinks,Cappuccino,120,4,100,0,8,10,Starbucks
Classic Espresso Drinks,Cappuccino,120,4.5,110,1,9,7,Starbucks
Classic Espresso Drinks,Cappuccino,150,6,135,0,10,14,Starbucks
Classic Espresso Drinks,Espresso,5,0,0,0,0.4,0,Starbucks
Classic Espresso Drinks,Espresso,10,0,1,0,1,0,Starbucks
Classic Espresso Drinks,Skinny Latte (Any Flavour),60,0.1,80,0,6,8,Starbucks
Classic Espresso Drinks,Skinny Latte (Any Flavour),100,0.2,125,0,9,13,Starbucks
Classic Espresso Drinks,Skinny Latte (Any Flavour),120,0.3,160,0,12,16,Starbucks
Classic Espresso Drinks,Skinny Latte (Any Flavour),160,0.3,200,0,15,21,Starbucks
Classic Espresso Drinks,Vanilla Latte (Or Other Flavoured Latte),100,0.1,70,0,6,18,Starbucks
Classic Espresso Drinks,Vanilla Latte (Or Other Flavoured Latte),110,2.5,60,1,5,13,Starbucks
Classic Espresso Drinks,Vanilla Latte (Or Other Flavoured Latte),130,3.5,80,0,6,17,Starbucks
Classic Espresso Drinks,Vanilla Latte (Or Other Flavoured Latte),150,0.2,110,0,9,27,Starbucks
Classic Espresso Drinks,Vanilla Latte (Or Other Flavoured Latte),160,4,95,1,7,20,Starbucks
Classic Espresso Drinks,Vanilla Latte (Or Other Flavoured Latte),200,0.3,140,0,12,35,Starbucks
Classic Espresso Drinks,Vanilla Latte (Or Other Flavoured Latte),200,5,125,0,9,27,Starbucks
Classic Espresso Drinks,Vanilla Latte (Or Other Flavoured Latte),210,5,120,1,9,26,Starbucks
Classic Espresso Drinks,Vanilla Latte (Or Other Flavoured Latte),250,0.3,180,0,15,45,Starbucks
Classic Espresso Drinks,Vanilla Latte (Or Other Flavoured Latte),250,6,150,0,12,35,Starbucks
Classic Espresso Drinks,Vanilla Latte (Or Other Flavoured Latte),270,7,160,2,12,33,Starbucks
Classic Espresso Drinks,Vanilla Latte (Or Other Flavoured Latte),320,9,200,0,15,44,Starbucks
Coffee,Brewed Coffee,3,0.1,5,0,0.3,0,Starbucks
Coffee,Brewed Coffee,4,0.1,10,0,0.5,0,Starbucks
Coffee,Brewed Coffee,5,0.1,10,0,1,0,Starbucks
Coffee,Brewed Coffee,5,0.1,10,0,1,0,Starbucks
Cold Brew Coffee,"Cold Brew Coffee with Cream and Sugar, Large",260,12,37,0,2,36,Dunkin Donuts
Cold Brew Coffee,"Cold Brew Coffee with Cream and Sugar, Medium",190,9,27,0,2,27,Dunkin Donuts
Cold Brew Coffee,"Cold Brew Coffee with Cream and Sugar, Small",130,6,18,0,1,18,Dunkin Donuts
Cold Brew Coffee,"Cold Brew Coffee with Cream, Large",120,12,2,0,2,2,Dunkin Donuts
Cold Brew Coffee,"Cold Brew Coffee with Cream, Medium",90,9,1,0,2,1,Dunkin Donuts
Cold Brew Coffee,"Cold Brew Coffee with Cream, Small",60,6,1,0,1,1,Dunkin Donuts
Cold Brew Coffee,"Cold Brew Coffee, Large",5,0,0,0,1,0,Dunkin Donuts
Cold Brew Coffee,"Cold Brew Coffee, Medium",5,0,0,0,0,0,Dunkin Donuts
Cold Brew Coffee,"Cold Brew Coffee, Small",5,0,0,0,0,0,Dunkin Donuts
Cold Brew Coffee,"Nitro Cold Brew Coffee, Medium",5,0,0,0,1,0,Dunkin Donuts
Cold Brew Coffee,"Nitro Cold Brew Coffee, Small",5,0,0,0,0,0,Dunkin Donuts
Coolatta,"Blue Raspberry Coolatta, Large",460,0,112,0,0,110,Dunkin Donuts
Coolatta,"Blue Raspberry Coolatta, Medium",350,0,84,0,0,83,Dunkin Donuts
Coolatta,"Blue Raspberry Coolatta, Small",230,0,56,0,0,55,Dunkin Donuts
Coolatta,"Pineapple Coolatta, Large",460,0,113,0,0,107,Dunkin Donuts
Coolatta,"Pineapple Coolatta, Medium",340,0,85,0,0,80,Dunkin Donuts
Coolatta,"Pineapple Coolatta, Small",230,0,56,0,0,53,Dunkin Donuts
Coolatta,"Vanilla Bean Coolatta, Large",790,6,172,0,10,167,Dunkin Donuts
Coolatta,"Vanilla Bean Coolatta, Medium",590,4.5,129,0,7,125,Dunkin Donuts
Coolatta,"Vanilla Bean Coolatta, Small",390,3,86,0,5,83,Dunkin Donuts
Dunkin Refreshers,"Butter Pecan Swirl Frozen Chocolate, Large",900,17,175,1,12,162,Dunkin Donuts
Dunkin Refreshers,"Butter Pecan Swirl Frozen Chocolate, Medium",700,14,134,1,9,124,Dunkin Donuts
Dunkin Refreshers,"Butter Pecan Swirl Frozen Chocolate, Small",500,11,95,1,6,87,Dunkin Donuts
Dunkin Refreshers,"Peach Passion Fruit Dunkin Refreshers, Large",180,0,43,0,1,39,Dunkin Donuts
Dunkin Refreshers,"Peach Passion Fruit Dunkin Refreshers, Medium",130,0,32,0,1,29,Dunkin Donuts
Dunkin Refreshers,"Peach Passion Fruit Dunkin Refreshers, Small",90,0,21,0,0,20,Dunkin Donuts
Dunkin Refreshers,"Strawberry Dragonfruit Dunkin Refreshers, Large",170,0,39,0,1,37,Dunkin Donuts
Dunkin Refreshers,"Strawberry Dragonfruit Dunkin Refreshers, Medium",130,0,29,0,1,27,Dunkin Donuts
Dunkin Refreshers,"Strawberry Dragonfruit Dunkin Refreshers, Small",80,0,19,0,0,18,Dunkin Donuts
Frappuccino Blended Coffee,Caramel (Without Whipped Cream),180,0.1,160,0,3,41,Starbucks
Frappuccino Blended Coffee,Caramel (Without Whipped Cream),180,1.5,150,0,2,39,Starbucks
Frappuccino Blended Coffee,Caramel (Without Whipped Cream),200,2.5,160,0,3,41,Starbucks
Frappuccino Blended Coffee,Caramel (Without Whipped Cream),260,1.5,220,0,3,56,Starbucks
Frappuccino Blended Coffee,Caramel (Without Whipped Cream),280,0.1,220,0,4,59,Starbucks
Frappuccino Blended Coffee,Caramel (Without Whipped Cream),280,3.5,220,0,3,59,Starbucks
Frappuccino Blended Coffee,Caramel (Without Whipped Cream),330,0.1,290,0,5,77,Starbucks
Frappuccino Blended Coffee,Caramel (Without Whipped Cream),340,2.5,290,1,5,73,Starbucks
Frappuccino Blended Coffee,Caramel (Without Whipped Cream),370,5,300,0,5,77,Starbucks
Frappuccino Blended Coffee,Coffee,160,0.1,160,0,3,36,Starbucks
Frappuccino Blended Coffee,Coffee,160,1.5,150,0,2,34,Starbucks
Frappuccino Blended Coffee,Coffee,180,2.5,160,0,3,36,Starbucks
Frappuccino Blended Coffee,Coffee,220,0.1,210,0,4,50,Starbucks
Frappuccino Blended Coffee,Coffee,220,1.5,210,0,3,47,Starbucks
Frappuccino Blended Coffee,Coffee,240,3,220,0,3,50,Starbucks
Frappuccino Blended Coffee,Coffee,310,0.1,300,0,6,69,Starbucks
Frappuccino Blended Coffee,Coffee,310,2.5,300,1,5,66,Starbucks
Frappuccino Blended Coffee,Coffee,350,5,300,0,5,69,Starbucks
Frappuccino Blended Coffee,Java Chip (Without Whipped Cream),220,3,170,1,4,44,Starbucks
Frappuccino Blended Coffee,Java Chip (Without Whipped Cream),220,4,170,1,3,42,Starbucks
Frappuccino Blended Coffee,Java Chip (Without Whipped Cream),240,5,170,1,4,44,Starbucks
Frappuccino Blended Coffee,Java Chip (Without Whipped Cream),310,4,250,2,5,62,Starbucks
Frappuccino Blended Coffee,Java Chip (Without Whipped Cream),310,6,240,2,4,60,Starbucks
Frappuccino Blended Coffee,Java Chip (Without Whipped Cream),340,7,250,2,5,62,Starbucks
Frappuccino Blended Coffee,Java Chip (Without Whipped Cream),420,5,340,2,7,84,Starbucks
Frappuccino Blended Coffee,Java Chip (Without Whipped Cream),430,8,330,3,6,80,Starbucks
Frappuccino Blended Coffee,Java Chip (Without Whipped Cream),460,10,340,2,7,84,Starbucks
Frappuccino Blended Coffee,Mocha (Without Whipped Cream),180,0.5,150,1,3,40,Starbucks
Frappuccino Blended Coffee,Mocha (Without Whipped Cream),180,2,150,1,3,38,Starbucks
Frappuccino Blended Coffee,Mocha (Without Whipped Cream),200,3,160,1,3,40,Starbucks
Frappuccino Blended Coffee,Mocha (Without Whipped Cream),260,1,220,1,4,58,Starbucks
Frappuccino Blended Coffee,Mocha (Without Whipped Cream),260,2.5,220,1,4,55,Starbucks
Frappuccino Blended Coffee,Mocha (Without Whipped Cream),290,4,220,1,4,58,Starbucks
Frappuccino Blended Coffee,Mocha (Without Whipped Cream),340,1,300,1,7,76,Starbucks
Frappuccino Blended Coffee,Mocha (Without Whipped Cream),350,3,290,2,6,73,Starbucks
Frappuccino Blended Coffee,Mocha (Without Whipped Cream),390,6,300,1,6,76,Starbucks
Frappuccino Blended Creme,Strawberries & Creme (Without Whipped Cream),170,0.1,140,0,3,38,Starbucks
Frappuccino Blended Creme,Strawberries & Creme (Without Whipped Cream),170,1.5,135,1,3,35,Starbucks
Frappuccino Blended Creme,Strawberries & Creme (Without Whipped Cream),190,3,140,0,3,37,Starbucks
Frappuccino Blended Creme,Strawberries & Creme (Without Whipped Cream),230,0.2,190,0,4,52,Starbucks
Frappuccino Blended Creme,Strawberries & Creme (Without Whipped Cream),240,2,180,1,3,49,Starbucks
Frappuccino Blended Creme,Strawberries & Creme (Without Whipped Cream),260,4,190,0,4,52,Starbucks
Frappuccino Blended Creme,Strawberries & Creme (Without Whipped Cream),310,0.2,260,0,6,69,Starbucks
Frappuccino Blended Creme,Strawberries & Creme (Without Whipped Cream),320,3.2,250,1,5,64,Starbucks
Frappuccino Blended Creme,Strawberries & Creme (Without Whipped Cream),350,6,260,0,6,68,Starbucks
Frappuccino Blended Creme,Vanilla Bean (Without Whipped Cream),170,0.1,160,0,4,38,Starbucks
Frappuccino Blended Creme,Vanilla Bean (Without Whipped Cream),180,1.5,160,1,3,35,Starbucks
Frappuccino Blended Creme,Vanilla Bean (Without Whipped Cream),200,3.5,160,0,3,38,Starbucks
Frappuccino Blended Creme,Vanilla Bean (Without Whipped Cream),240,0.1,230,0,5,55,Starbucks
Frappuccino Light Blended Coffee,Caramel,100,0.1,140,0,3,23,Starbucks
Frappuccino Light Blended Coffee,Caramel,150,0.1,200,0,3,32,Starbucks
Frappuccino Light Blended Coffee,Caramel,200,0.1,270,0,5,43,Starbucks
Frappuccino Light Blended Coffee,Coffee,90,0.1,160,0,3,19,Starbucks
Frappuccino Light Blended Coffee,Coffee,120,0.1,210,0,3,26,Starbucks
Frappuccino Light Blended Coffee,Coffee,160,0.1,270,0,5,33,Starbucks
Frappuccino Light Blended Coffee,Java Chip,150,3,170,1,4,27,Starbucks
Frappuccino Light Blended Coffee,Java Chip,220,4,240,2,5,39,Starbucks
Frappuccino Light Blended Coffee,Java Chip,290,5,320,2,7,52,Starbucks
Frappuccino Light Blended Coffee,Mocha,110,0.5,150,1,3,23,Starbucks
Frappuccino Light Blended Coffee,Mocha,150,1,200,1,4,30,Starbucks
Frappuccino Light Blended Coffee,Mocha,210,1,280,1,6,42,Starbucks
Frozen Coffee,"Butter Pecan Swirl Frozen Coffee with Cream, Large",1160,40,191,0,11,181,Dunkin Donuts
Frozen Coffee,"Butter Pecan Swirl Frozen Coffee with Cream, Medium",890,31,147,0,8,139,Dunkin Donuts
Frozen Coffee,"Butter Pecan Swirl Frozen Coffee with Cream, Small",630,22,103,0,6,97,Dunkin Donuts
Frozen Coffee,"Butter Pecan Swirl Frozen Coffee with Skim Milk, Large",880,5,195,0,12,185,Dunkin Donuts
Frozen Coffee,"Butter Pecan Swirl Frozen Coffee with Skim Milk, Medium",680,5,150,0,9,142,Dunkin Donuts
Frozen Coffee,"Butter Pecan Swirl Frozen Coffee with Skim Milk, Small",490,4.5,105,0,6,99,Dunkin Donuts
Frozen Coffee,"Butter Pecan Swirl Frozen Coffee with Whole Milk, Large",930,11,195,0,11,185,Dunkin Donuts
Frozen Coffee,"Butter Pecan Swirl Frozen Coffee with Whole Milk, Medium",720,9,150,0,9,142,Dunkin Donuts
Frozen Coffee,"Butter Pecan Swirl Frozen Coffee with Whole Milk, Small",510,8,105,0,6,98,Dunkin Donuts
Frozen Coffee,"Caramel Swirl Frozen Coffee with Cream, Large",1120,40,180,0,10,172,Dunkin Donuts
Frozen Coffee,"Caramel Swirl Frozen Coffee with Cream, Medium",860,31,139,0,8,132,Dunkin Donuts
Frozen Coffee,"Caramel Swirl Frozen Coffee with Cream, Small",610,22,97,0,6,92,Dunkin Donuts
Frozen Coffee,"Caramel Swirl Frozen Coffee with Skim Milk, Large",830,5,184,0,11,176,Dunkin Donuts
Frozen Coffee,"Caramel Swirl Frozen Coffee with Skim Milk, Medium",650,4.5,142,0,9,135,Dunkin Donuts
Frozen Coffee,"Caramel Swirl Frozen Coffee with Skim Milk, Small",470,4.5,99,0,6,94,Dunkin Donuts
Frozen Coffee,"Caramel Swirl Frozen Coffee with Whole Milk, Large",880,11,184,0,11,175,Dunkin Donuts
Frozen Coffee,"Caramel Swirl Frozen Coffee with Whole Milk, Medium",680,9,141,0,8,134,Dunkin Donuts
Frozen Coffee,"Caramel Swirl Frozen Coffee with Whole Milk, Small",490,8,99,0,6,94,Dunkin Donuts
Frozen Coffee,"French Vanilla Swirl Frozen Coffee with Cream, Large",1110,40,180,0,10,169,Dunkin Donuts
Frozen Coffee,"French Vanilla Swirl Frozen Coffee with Cream, Medium",860,31,138,0,8,130,Dunkin Donuts
Frozen Coffee,"French Vanilla Swirl Frozen Coffee with Cream, Small",610,22,97,0,6,91,Dunkin Donuts
Frozen Coffee,"French Vanilla Swirl Frozen Coffee with Skim Milk, Large",830,5,184,0,11,173,Dunkin Donuts
Frozen Coffee,"French Vanilla Swirl Frozen Coffee with Skim Milk, Medium",640,4.5,141,0,9,133,Dunkin Donuts
Frozen Coffee,"French Vanilla Swirl Frozen Coffee with Skim Milk, Small",460,4.5,99,0,6,93,Dunkin Donuts
Frozen Coffee,"French Vanilla Swirl Frozen Coffee with Whole Milk, Large",880,11,183,0,11,173,Dunkin Donuts
Frozen Coffee,"French Vanilla Swirl Frozen Coffee with Whole Milk, Medium",680,9,141,0,8,132,Dunkin Donuts
Frozen Coffee,"French Vanilla Swirl Frozen Coffee with Whole Milk, Small",490,8,99,0,6,92,Dunkin Donuts
Frozen Coffee,"Frozen Coffee with Cream, Large",780,35,113,0,7,108,Dunkin Donuts
Frozen Coffee,"Frozen Coffee with Cream, Medium",590,26,85,0,5,81,Dunkin Donuts
Frozen Coffee,"Frozen Coffee with Cream, Small",390,17,57,0,3,54,Dunkin Donuts
Frozen Coffee,"Frozen Coffee with Skim Milk, Large",500,0,117,0,8,112,Dunkin Donuts
Frozen Coffee,"Frozen Coffee with Skim Milk, Medium",370,0,88,0,6,84,Dunkin Donuts
Frozen Coffee,"Frozen Coffee with Skim Milk, Small",250,0,59,0,4,56,Dunkin Donuts
Frozen Coffee,"Frozen Coffee with Whole Milk, Large",550,6,117,0,7,111,Dunkin Donuts
Frozen Coffee,"Frozen Coffee with Whole Milk, Medium",410,4.5,88,0,5,84,Dunkin Donuts
Frozen Coffee,"Frozen Dunkaccino, Large",930,22,177,3,10,159,Dunkin Donuts
Frozen Coffee,"Frozen Dunkaccino, Medium",710,17,134,3,8,119,Dunkin Donuts
Frozen Coffee,"Frozen Dunkaccino, Small",510,13,94,2,5,83,Dunkin Donuts
Frozen Coffee,"Frozen Matcha Latte with Skim Milk, Large",480,0,111,2,8,109,Dunkin Donuts
Frozen Coffee,"Frozen Matcha Latte with Skim Milk, Medium",360,0,83,1,6,82,Dunkin Donuts
Frozen Coffee,"Frozen Matcha Latte with Skim Milk, Small",240,0,55,1,4,54,Dunkin Donuts
Frozen Coffee,"Frozen Matcha Latte with Whole Milk, Large",530,6,110,2,8,109,Dunkin Donuts
Frozen Coffee,"Frozen Matcha Latte with Whole Milk, Medium",390,4.5,83,1,6,81,Dunkin Donuts
Frozen Coffee,"Frozen Matcha Latte with Whole Milk, Small",260,3,55,1,4,54,Dunkin Donuts
Frozen Coffee,"Frozen Vanilla Chai/Vanilla Spice, Large",790,14,160,0,9,151,Dunkin Donuts
Frozen Coffee,"Frozen Vanilla Chai/Vanilla Spice, Medium",590,10,120,0,7,113,Dunkin Donuts
Frozen Coffee,"Frozen Vanilla Chai/Vanilla Spice, Small",400,7,80,0,4,75,Dunkin Donuts
Frozen Coffee,"Limited Time Products, Frozen Specialty",NA,NA,NA,NA,NA,NA,Dunkin Donuts
Frozen Coffee,Limited Time Productsâ Frozen Coffee,NA,NA,NA,NA,NA,NA,Dunkin Donuts
Hot Americano,"Americano, Large",10,0,2,0,0,0,Dunkin Donuts
Hot Americano,"Americano, Medium",10,0,2,0,0,0,Dunkin Donuts
Hot Americano,"Americano, Small",5,0,1,0,0,0,Dunkin Donuts
Hot Cappuccino,"Butter Pecan Swirl Hot Cappuccino with Skim Milk, Large",310,0,64,0,11,60,Dunkin Donuts
Hot Cappuccino,"Butter Pecan Swirl Hot Cappuccino with Skim Milk, Medium",230,0,48,0,9,45,Dunkin Donuts
Hot Cappuccino,"Butter Pecan Swirl Hot Cappuccino with Skim Milk, Small",150,0,32,0,6,30,Dunkin Donuts
Hot Cappuccino,"Butter Pecan Swirl Hot Cappuccino with Whole Milk, Large",370,8,63,0,11,60,Dunkin Donuts
Hot Cappuccino,"Butter Pecan Swirl Hot Cappuccino with Whole Milk, Medium",280,6,47,0,8,45,Dunkin Donuts
Hot Cappuccino,"Butter Pecan Swirl Hot Cappuccino with Whole Milk, Small",190,4,32,0,5,30,Dunkin Donuts
Hot Cappuccino,"Cappuccino with Skim Milk and Sugar, Large",230,0,48,0,8,47,Dunkin Donuts
Hot Cappuccino,"Cappuccino with Skim Milk and Sugar, Medium",170,0,36,0,6,35,Dunkin Donuts
Hot Cappuccino,"Cappuccino with Skim Milk and Sugar, Small",110,0,24,0,4,23,Dunkin Donuts
Hot Cappuccino,"Cappuccino with Skim Milk, Large",90,0,13,0,8,12,Dunkin Donuts
Hot Cappuccino,"Cappuccino with Skim Milk, Medium",70,0,10,0,6,9,Dunkin Donuts
Hot Cappuccino,"Cappuccino with Skim Milk, Small",45,0,7,0,4,6,Dunkin Donuts
Hot Cappuccino,"Cappuccino with Whole Milk and Sugar, Large",290,8,48,0,8,46,Dunkin Donuts
Hot Cappuccino,"Cappuccino with Whole Milk and Sugar, Medium",220,6,36,0,6,35,Dunkin Donuts
Hot Cappuccino,"Cappuccino with Whole Milk and Sugar, Small",150,4,24,0,4,23,Dunkin Donuts
Hot Cappuccino,"Cappuccino with Whole Milk, Large",160,8,13,0,8,12,Dunkin Donuts
Hot Cappuccino,"Cappuccino with Whole Milk, Medium",120,6,10,0,6,9,Dunkin Donuts
Hot Cappuccino,"Cappuccino with Whole Milk, Small",80,4,7,0,4,6,Dunkin Donuts
Hot Cappuccino,"Caramel Swirl Hot Cappuccino with Skim Milk, Large",310,0,65,0,11,63,Dunkin Donuts
Hot Cappuccino,"Caramel Swirl Hot Cappuccino with Skim Milk, Medium",230,0,49,0,8,47,Dunkin Donuts
Hot Cappuccino,"Caramel Swirl Hot Cappuccino with Skim Milk, Small",160,0,33,0,6,32,Dunkin Donuts
Hot Cappuccino,"Caramel Swirl Hot Cappuccino with Whole Milk, Large",380,8,65,0,11,63,Dunkin Donuts
Hot Cappuccino,"Caramel Swirl Hot Cappuccino with Whole Milk, Medium",280,6,48,0,8,47,Dunkin Donuts
Hot Cappuccino,"Caramel Swirl Hot Cappuccino with Whole Milk, Small",190,4,32,0,5,31,Dunkin Donuts
Hot Cappuccino,"French Vanilla Swirl Hot Cappuccino with Skim Milk, Large",310,0,65,0,11,61,Dunkin Donuts
Hot Cappuccino,"French Vanilla Swirl Hot Cappuccino with Skim Milk, Medium",230,0,48,0,8,46,Dunkin Donuts
Hot Cappuccino,"French Vanilla Swirl Hot Cappuccino with Skim Milk, Small",150,0,32,0,5,30,Dunkin Donuts
Hot Cappuccino,"French Vanilla Swirl Hot Cappuccino with Whole Milk, Large",370,8,64,0,10,60,Dunkin Donuts
Hot Cappuccino,"French Vanilla Swirl Hot Cappuccino with Whole Milk, Medium",280,6,48,0,8,45,Dunkin Donuts
Hot Cappuccino,"French Vanilla Swirl Hot Cappuccino with Whole Milk, Small",190,4,32,0,5,30,Dunkin Donuts
Hot Cappuccino,"Hazelnut Swirl Hot Cappuccino with Skim Milk, Large",310,0,65,0,11,61,Dunkin Donuts
Hot Cappuccino,"Hazelnut Swirl Hot Cappuccino with Skim Milk, Medium",230,0,49,0,8,46,Dunkin Donuts
Hot Cappuccino,"Hazelnut Swirl Hot Cappuccino with Skim Milk, Small",150,0,32,0,5,30,Dunkin Donuts
Hot Cappuccino,"Hazelnut Swirl Hot Cappuccino with Whole Milk, Large",370,8,64,0,10,60,Dunkin Donuts
Hot Cappuccino,"Hazelnut Swirl Hot Cappuccino with Whole Milk, Medium",280,6,48,0,8,45,Dunkin Donuts
Hot Cappuccino,"Hazelnut Swirl Hot Cappuccino with Whole Milk, Small",190,4,32,0,5,30,Dunkin Donuts
Hot Cappuccino,Limited Time Products Hot Cappuccino,NA,NA,NA,NA,NA,NA,Dunkin Donuts
Hot Cappuccino,"Mocha Swirl Hot Cappuccino with Skim Milk, Large",300,1,64,2,10,58,Dunkin Donuts
Hot Cappuccino,"Mocha Swirl Hot Cappuccino with Skim Milk, Medium",220,1,48,2,7,43,Dunkin Donuts
Hot Cappuccino,"Mocha Swirl Hot Cappuccino with Skim Milk, Small",150,0.5,32,1,5,29,Dunkin Donuts
Hot Cappuccino,"Mocha Swirl Hot Cappuccino with Whole Milk, Large",360,9,63,2,9,57,Dunkin Donuts
Hot Cappuccino,"Mocha Swirl Hot Cappuccino with Whole Milk, Medium",270,7,48,2,7,43,Dunkin Donuts
Hot Cappuccino,"Mocha Swirl Hot Cappuccino with Whole Milk, Small",180,4.5,32,1,5,29,Dunkin Donuts
Hot Chocolate,"Box of Joe, Hot Chocolate",220,7,40,2,2,32,Dunkin Donuts
Hot Chocolate,"Dunkaccino, Extra Large",540,23,80,1,4,58,Dunkin Donuts
Hot Chocolate,"Dunkaccino, Large",490,21,73,1,4,53,Dunkin Donuts
Hot Chocolate,"Dunkaccino, Medium",350,15,52,1,3,38,Dunkin Donuts
Hot Chocolate,"Dunkaccino, Small",240,10,36,0,2,26,Dunkin Donuts
Hot Chocolate,"French Vanilla Dunkaccino, Extra Large",570,26,86,1,4,62,Dunkin Donuts
Hot Chocolate,"French Vanilla Dunkaccino, Large",470,21,70,1,3,50,Dunkin Donuts
Hot Chocolate,"French Vanilla Dunkaccino, Medium",350,16,53,1,2,38,Dunkin Donuts
Hot Chocolate,"French Vanilla Dunkaccino, Small",230,10,35,0,2,25,Dunkin Donuts
Hot Chocolate,"Hot Chocolate with Espresso Shot, Large",400,12,71,3,3,55,Dunkin Donuts
Hot Chocolate,"Hot Chocolate with Espresso Shot, Medium",280,9,51,2,2,39,Dunkin Donuts
Hot Chocolate,"Hot Chocolate with Espresso Shot, Small",190,6,35,1,2,27,Dunkin Donuts
Hot Chocolate,"Mint Hot Chocolate, Extra Large",490,16,87,3,3,70,Dunkin Donuts
Hot Chocolate,"Mint Hot Chocolate, Large",400,13,72,3,3,57,Dunkin Donuts
Hot Chocolate,"Mint Hot Chocolate, Medium",300,10,52,2,2,42,Dunkin Donuts
Hot Chocolate,"Mint Hot Chocolate, Small",210,7,36,1,1,29,Dunkin Donuts
Hot Chocolate,"OREO Hot Chocolate, Extra Large",580,13,110,4,7,88,Dunkin Donuts
Hot Chocolate,"OREO Hot Chocolate, Large",460,10,88,3,6,70,Dunkin Donuts
Hot Chocolate,"OREO Hot Chocolate, Medium",350,8,66,2,4,53,Dunkin Donuts
Hot Chocolate,"OREO Hot Chocolate, Small",230,5,44,1,3,35,Dunkin Donuts
Hot Chocolate,"Original Hot Chocolate, Extra Large",500,15,89,3,4,71,Dunkin Donuts
Hot Chocolate,"Original Hot Chocolate, Large",460,14,82,3,4,65,Dunkin Donuts
Hot Chocolate,"Original Hot Chocolate, Medium",330,10,59,2,3,46,Dunkin Donuts
Hot Chocolate,"Original Hot Chocolate, Small",220,7,40,2,2,32,Dunkin Donuts
Hot Chocolate,"Salted Caramel Hot Chocolate, Extra Large",510,17,87,2,5,69,Dunkin Donuts
Hot Chocolate,"Salted Caramel Hot Chocolate, Large",420,14,71,2,4,57,Dunkin Donuts
Hot Chocolate,"Salted Caramel Hot Chocolate, Medium",310,10,52,1,3,42,Dunkin Donuts
Hot Chocolate,"Salted Caramel Hot Chocolate, Small",210,7,36,1,2,29,Dunkin Donuts
Hot Coffee,Box of Joe,5,0,0,0,0,0,Dunkin Donuts
Hot Coffee,"Butter Pecan Swirl Hot Coffee with Black, Extra Large",270,0,63,0,5,60,Dunkin Donuts
Hot Coffee,"Butter Pecan Swirl Hot Coffee with Black, Large",220,0,50,0,4,48,Dunkin Donuts
Hot Coffee,"Butter Pecan Swirl Hot Coffee with Black, Medium",170,0,38,0,3,36,Dunkin Donuts
Hot Coffee,"Butter Pecan Swirl Hot Coffee with Black, Small",110,0,25,0,2,24,Dunkin Donuts
Hot Coffee,"Butter Pecan Swirl Hot Coffee with Cream, Extra Large",420,15,65,0,7,62,Dunkin Donuts
Hot Coffee,"Butter Pecan Swirl Hot Coffee with Cream, Large",330,12,52,0,5,50,Dunkin Donuts
Hot Coffee,"Butter Pecan Swirl Hot Coffee with Cream, Medium",250,9,39,0,4,37,Dunkin Donuts
Hot Coffee,"Butter Pecan Swirl Hot Coffee with Cream, Small",170,6,26,0,3,25,Dunkin Donuts
Hot Coffee,"Cafe Au Lait with Skim Milk, Large",90,0,12,0,9,12,Dunkin Donuts
Hot Coffee,"Cafe Au Lait with Skim Milk, Medium",70,0,9,0,7,9,Dunkin Donuts
Hot Coffee,"Cafe Au Lait with Skim Milk, Small",45,0,6,0,4,6,Dunkin Donuts
Hot Coffee,"Cafe Au Lait with Whole Milk, Large",150,8,12,0,8,12,Dunkin Donuts
Hot Coffee,"Cafe Au Lait with Whole Milk, Medium",110,6,9,0,6,9,Dunkin Donuts
Hot Coffee,"Cafe Au Lait with Whole Milk, Small",80,4,6,0,4,6,Dunkin Donuts
Hot Coffee,"Cafe con Leche, Large",340,12,47,0,12,46,Dunkin Donuts
Hot Coffee,"Cafe con Leche, Medium",250,9,35,0,9,34,Dunkin Donuts
Hot Coffee,"Cafe con Leche, Small",170,6,23,0,6,23,Dunkin Donuts
Hot Coffee,"Caramel Swirl Hot Coffee with Black, Extra Large",280,0,64,0,4,64,Dunkin Donuts
Hot Coffee,"Caramel Swirl Hot Coffee with Black, Large",230,0,52,0,3,51,Dunkin Donuts
Hot Coffee,"Caramel Swirl Hot Coffee with Black, Medium",170,0,39,0,3,38,Dunkin Donuts
Hot Coffee,"Caramel Swirl Hot Coffee with Black, Small",110,0,26,0,2,26,Dunkin Donuts
Hot Coffee,"Caramel Swirl Hot Coffee with Cream, Extra Large",420,15,67,0,6,66,Dunkin Donuts
Hot Coffee,"Caramel Swirl Hot Coffee with Cream, Large",340,12,53,0,5,53,Dunkin Donuts
Hot Coffee,"Caramel Swirl Hot Coffee with Cream, Medium",260,9,40,0,4,40,Dunkin Donuts
Hot Coffee,"Caramel Swirl Hot Coffee with Cream, Small",170,6,27,0,3,26,Dunkin Donuts
Hot Coffee,Cortadito,80,1,16,0,1,16,Dunkin Donuts
Hot Coffee,Espresso with Sugar,60,0,15,0,0,14,Dunkin Donuts
Hot Coffee,"French Vanilla Swirl Hot Coffee with Cream, Extra Large",420,15,66,0,6,63,Dunkin Donuts
Hot Coffee,"French Vanilla Swirl Hot Coffee with Cream, Large",340,12,53,0,5,50,Dunkin Donuts
Hot Coffee,"French Vanilla Swirl Hot Coffee with Cream, Medium",250,9,40,0,4,38,Dunkin Donuts
Hot Coffee,"French Vanilla Swirl Hot Coffee with Cream, Small",170,6,26,0,2,25,Dunkin Donuts
Hot Coffee,"French Vanilla Swirl Hot Coffee, Large",220,0,51,0,3,49,Dunkin Donuts
Hot Coffee,"French Vanilla Swirl Hot Coffee, Medium",170,0,38,0,2,37,Dunkin Donuts
Hot Coffee,"French Vanilla Swirl Hot Coffee, Small",110,0,26,0,2,24,Dunkin Donuts
Hot Coffee,"Hazelnut Swirl Hot Coffee with Cream, Extra Large",420,15,66,0,6,63,Dunkin Donuts
Hot Coffee,"Hazelnut Swirl Hot Coffee with Cream, Large",340,12,53,0,5,50,Dunkin Donuts
Hot Coffee,"Hazelnut Swirl Hot Coffee with Cream, Medium",250,9,40,0,4,38,Dunkin Donuts
Hot Coffee,"Hazelnut Swirl Hot Coffee with Cream, Small",170,6,27,0,2,25,Dunkin Donuts
Hot Coffee,"Hazelnut Swirl Hot Coffee, Extra Large",280,0,64,0,4,61,Dunkin Donuts
Hot Coffee,"Hazelnut Swirl Hot Coffee, Large",220,0,51,0,3,49,Dunkin Donuts
Hot Coffee,"Hazelnut Swirl Hot Coffee, Medium",170,0,38,0,2,37,Dunkin Donuts
Hot Coffee,"Hazelnut Swirl Hot Coffee, Small",110,0,26,0,2,24,Dunkin Donuts
Hot Coffee,"Hot Coffee with Almond Milk, Extra Large",45,1.5,7,0,1,7,Dunkin Donuts
Hot Coffee,"Hot Coffee with Almond Milk, Large",35,1,5,0,1,5,Dunkin Donuts
Hot Coffee,"Hot Coffee with Almond Milk, Medium",25,0.5,4,0,1,3,Dunkin Donuts
Hot Coffee,"Hot Coffee with Almond Milk, Small",15,0,2,0,0,2,Dunkin Donuts
Hot Coffee,"Hot Coffee with Cream and Sugar, Extra Large",320,15,46,0,3,46,Dunkin Donuts
Hot Coffee,"Hot Coffee with Cream and Sugar, Large",250,12,37,0,2,36,Dunkin Donuts
Hot Coffee,"Hot Coffee with Cream and Sugar, Medium",190,9,27,0,2,27,Dunkin Donuts
Hot Coffee,"Hot Coffee with Cream and Sugar, Small",130,6,18,0,1,18,Dunkin Donuts
Hot Coffee,"Hot Coffee with Cream, Extra Large",150,15,2,0,3,2,Dunkin Donuts
Hot Coffee,"Hot Coffee with Cream, Large",120,12,2,0,2,2,Dunkin Donuts
Hot Coffee,"Hot Coffee with Cream, Medium",90,9,1,0,2,1,Dunkin Donuts
Hot Coffee,"Hot Coffee with Cream, Small",60,6,1,0,1,1,Dunkin Donuts
Hot Coffee,"Hot Coffee with Skim Milk and Sugar, Extra Large",200,0,47,0,3,47,Dunkin Donuts
Hot Coffee,"Hot Coffee with Skim Milk and Sugar, Large",160,0,38,0,3,38,Dunkin Donuts
Hot Coffee,"Hot Coffee with Skim Milk and Sugar, Medium",120,0,28,0,2,28,Dunkin Donuts
Hot Coffee,"Hot Coffee with Skim Milk and Sugar, Small",80,0,19,0,1,19,Dunkin Donuts
Hot Coffee,"Hot Coffee with Skim Milk, Extra Large",30,0,4,0,3,4,Dunkin Donuts
Hot Coffee,"Hot Coffee with Skim Milk, Large",25,0,3,0,3,3,Dunkin Donuts
Hot Coffee,"Hot Coffee with Skim Milk, Medium",20,0,2,0,2,2,Dunkin Donuts
Hot Coffee,"Hot Coffee with Skim Milk, Small",15,0,2,0,1,2,Dunkin Donuts
Hot Coffee,"Hot Coffee with Sugar, Extra Large",170,0,44,0,1,43,Dunkin Donuts
Hot Coffee,"Hot Coffee with Sugar, Large",140,0,35,0,1,35,Dunkin Donuts
Hot Coffee,"Hot Coffee with Sugar, Medium",110,0,26,0,1,26,Dunkin Donuts
Hot Coffee,"Hot Coffee with Sugar, Small",70,0,17,0,0,17,Dunkin Donuts
Hot Coffee,"Hot Coffee with Whole Milk and Sugar, Extra Large",220,2.5,47,0,3,47,Dunkin Donuts
Hot Coffee,"Hot Coffee with Whole Milk and Sugar, Large",190,2,42,0,2,42,Dunkin Donuts
Hot Coffee,"Hot Coffee with Whole Milk and Sugar, Medium",130,1.5,28,0,2,28,Dunkin Donuts
Hot Coffee,"Hot Coffee with Whole Milk and Sugar, Small",90,1,19,0,1,19,Dunkin Donuts
Hot Coffee,"Hot Coffee with Whole Milk, Extra Large",50,2.5,4,0,3,4,Dunkin Donuts
Hot Coffee,"Hot Coffee with Whole Milk, Large",40,2,3,0,2,3,Dunkin Donuts
Hot Coffee,"Hot Coffee with Whole Milk, Medium",30,1.5,2,0,2,2,Dunkin Donuts
Hot Coffee,"Hot Coffee with Whole Milk, Small",20,1,1,0,1,1,Dunkin Donuts
Hot Coffee,"Hot Coffee, Extra Large",5,0,0,0,1,0,Dunkin Donuts
Hot Coffee,"Hot Coffee, Large",5,0,0,0,1,0,Dunkin Donuts
Hot Coffee,"Hot Coffee, Medium",5,0,0,0,1,0,Dunkin Donuts
Hot Coffee,"Hot Coffee, Small",5,0,0,0,0,0,Dunkin Donuts
Hot Coffee,Hot Espresso,5,0,1,0,0,0,Dunkin Donuts
Hot Coffee,"Mocha Swirl Hot Coffee with Cream, Extra Large",410,15,65,3,5,59,Dunkin Donuts
Hot Coffee,"Mocha Swirl Hot Coffee with Cream, Large",330,12,52,2,4,47,Dunkin Donuts
Hot Coffee,"Mocha Swirl Hot Coffee with Cream, Medium",240,9,39,2,3,35,Dunkin Donuts
Hot Coffee,"Mocha Swirl Hot Coffee with Cream, Small",160,6,26,1,2,24,Dunkin Donuts
Hot Coffee,"Mocha Swirl Hot Coffee, Extra Large",260,1,63,3,3,57,Dunkin Donuts
Hot Coffee,"Mocha Swirl Hot Coffee, Large",210,1,50,2,2,46,Dunkin Donuts
Hot Coffee,"Mocha Swirl Hot Coffee, Medium",160,0.5,38,2,2,34,Dunkin Donuts
Hot Coffee,"Mocha Swirl Hot Coffee, Small",110,0,25,1,1,23,Dunkin Donuts
Hot Latte,"Butter Pecan Swirl Hot Latte with Skim Milk, Large",350,0.5,70,0,16,66,Dunkin Donuts
Hot Latte,"Butter Pecan Swirl Hot Latte with Skim Milk, Medium",260,0,52,0,12,50,Dunkin Donuts
Hot Latte,"Butter Pecan Swirl Hot Latte with Skim Milk, Small",170,0,35,0,8,33,Dunkin Donuts
Hot Latte,"Butter Pecan Swirl Hot Latte with Whole Milk, Large",450,12,69,0,15,66,Dunkin Donuts
Hot Latte,"Butter Pecan Swirl Hot Latte with Whole Milk, Medium",330,9,52,0,11,49,Dunkin Donuts
Hot Latte,"Butter Pecan Swirl Hot Latte with Whole Milk, Small",220,6,35,0,7,33,Dunkin Donuts
Hot Latte,"Caramel Craze Signature Hot Latte with Skim Milk, Large",440,6,80,0,16,75,Dunkin Donuts
Hot Latte,"Caramel Craze Signature Hot Latte with Skim Milk, Medium",340,5,61,0,12,57,Dunkin Donuts
Hot Latte,"Caramel Craze Signature Hot Latte with Skim Milk, Small",250,5,43,0,8,40,Dunkin Donuts
Hot Latte,"Caramel Craze Signature Hot Latte with Whole Milk, Large",530,17,79,0,15,74,Dunkin Donuts
Hot Latte,"Caramel Craze Signature Hot Latte with Whole Milk, Medium",410,14,61,0,11,57,Dunkin Donuts
Hot Latte,"Caramel Craze Signature Hot Latte with Whole Milk, Small",300,11,43,0,8,39,Dunkin Donuts
Hot Latte,"Caramel Swirl Hot Latte with Skim Milk, Large",350,0,71,0,15,69,Dunkin Donuts
Hot Latte,"Caramel Swirl Hot Latte with Skim Milk, Medium",260,0,53,0,11,52,Dunkin Donuts
Hot Latte,"Caramel Swirl Hot Latte with Skim Milk, Small",180,0,36,0,8,35,Dunkin Donuts
Hot Latte,"Caramel Swirl Hot Latte with Whole Milk, Large",450,12,70,0,14,69,Dunkin Donuts
Hot Latte,"Caramel Swirl Hot Latte with Whole Milk, Medium",340,9,53,0,11,52,Dunkin Donuts
Hot Latte,"Caramel Swirl Hot Latte with Whole Milk, Small",230,6,35,0,7,34,Dunkin Donuts
Hot Latte,"Cocoa Mocha Signature Hot Latte with Skim Milk, Large",420,6,79,2,15,69,Dunkin Donuts
Hot Latte,"Cocoa Mocha Signature Hot Latte with Skim Milk, Medium",330,6,61,2,11,53,Dunkin Donuts
Hot Latte,"Cocoa Mocha Signature Hot Latte with Skim Milk, Small",250,5,43,1,8,37,Dunkin Donuts
Hot Latte,"Cocoa Mocha Signature Hot Latte with Whole Milk, Large",520,18,78,2,14,68,Dunkin Donuts
Hot Latte,"Cocoa Mocha Signature Hot Latte with Whole Milk, Medium",400,14,60,2,10,52,Dunkin Donuts
Hot Latte,"Cocoa Mocha Signature Hot Latte with Whole Milk, Small",300,11,43,1,7,36,Dunkin Donuts
Hot Latte,"French Vanilla Swirl Hot Latte with Skim Milk, Large",350,0,71,0,15,67,Dunkin Donuts
Hot Latte,"French Vanilla Swirl Hot Latte with Skim Milk, Medium",260,0,53,0,11,50,Dunkin Donuts
Hot Latte,"French Vanilla Swirl Hot Latte with Skim Milk, Small",170,0,35,0,7,33,Dunkin Donuts
Hot Latte,"French Vanilla Swirl Hot Latte with Whole Milk, Large",450,12,70,0,14,66,Dunkin Donuts
Hot Latte,"French Vanilla Swirl Hot Latte with Whole Milk, Medium",330,9,52,0,11,50,Dunkin Donuts
Hot Latte,"French Vanilla Swirl Hot Latte with Whole Milk, Small",220,6,35,0,7,33,Dunkin Donuts
Hot Latte,"Hazelnut Swirl Hot Latte with Skim Milk, Large",350,0,71,0,15,67,Dunkin Donuts
Hot Latte,"Hazelnut Swirl Hot Latte with Skim Milk, Medium",260,0,53,0,11,50,Dunkin Donuts
Hot Latte,"Hazelnut Swirl Hot Latte with Skim Milk, Small",170,0,35,0,7,33,Dunkin Donuts
Hot Latte,"Hazelnut Swirl Hot Latte with Whole Milk, Large",450,12,70,0,14,66,Dunkin Donuts
Hot Latte,"Hazelnut Swirl Hot Latte with Whole Milk, Medium",340,9,53,0,11,50,Dunkin Donuts
Hot Latte,"Hazelnut Swirl Hot Latte with Whole Milk, Small",220,6,35,0,7,33,Dunkin Donuts
Hot Latte,"Hot Latte with Almond Milk, Large",130,3.5,23,1,2,20,Dunkin Donuts
Hot Latte,"Hot Latte with Almond Milk, Medium",100,3,17,1,1,15,Dunkin Donuts
Hot Latte,"Hot Latte with Almond Milk, Small",70,2,11,0,1,10,Dunkin Donuts
Hot Latte,"Hot Latte with Skim Milk and Sugar, Large",270,0,54,0,12,53,Dunkin Donuts
Hot Latte,"Hot Latte with Skim Milk and Sugar, Medium",200,0,41,0,9,40,Dunkin Donuts
Hot Latte,"Hot Latte with Skim Milk and Sugar, Small",130,0,27,0,6,26,Dunkin Donuts
Hot Latte,"Hot Latte with Skim Milk, Large",130,0,20,0,12,18,Dunkin Donuts
Hot Latte,"Hot Latte with Skim Milk, Medium",100,0,15,0,9,14,Dunkin Donuts
Hot Latte,"Hot Latte with Skim Milk, Small",70,0,10,0,6,9,Dunkin Donuts
Hot Latte,"Hot Latte with Whole Milk and Sugar, Large",370,12,54,0,12,52,Dunkin Donuts
Hot Latte,"Hot Latte with Whole Milk and Sugar, Medium",270,9,40,0,9,39,Dunkin Donuts
Hot Latte,"Hot Latte with Whole Milk and Sugar, Small",180,6,27,0,6,26,Dunkin Donuts
Hot Latte,"Hot Latte with Whole Milk, Large",230,12,19,0,12,18,Dunkin Donuts
Hot Latte,"Hot Latte with Whole Milk, Medium",170,9,14,0,9,13,Dunkin Donuts
Hot Latte,"Hot Latte with Whole Milk, Small",120,6,9,0,6,9,Dunkin Donuts
Hot Latte,"Matcha Hot Latte with Skim Milk, Large",240,0,45,2,14,43,Dunkin Donuts
Hot Latte,"Matcha Hot Latte with Skim Milk, Medium",180,0,34,1,11,32,Dunkin Donuts
Hot Latte,"Matcha Hot Latte with Skim Milk, Small",120,0,23,1,7,22,Dunkin Donuts
Hot Latte,"Matcha Hot Latte with Whole Milk, Large",340,12,44,2,13,43,Dunkin Donuts
Hot Latte,"Matcha Hot Latte with Whole Milk, Medium",250,9,33,1,10,32,Dunkin Donuts
Hot Latte,"Matcha Hot Latte with Whole Milk, Small",170,6,22,1,7,21,Dunkin Donuts
Hot Latte,"Mocha Swirl Hot Latte with Skim Milk, Large",340,1,70,2,14,64,Dunkin Donuts
Hot Latte,"Mocha Swirl Hot Latte with Skim Milk, Medium",250,1,52,2,10,48,Dunkin Donuts
Hot Latte,"Mocha Swirl Hot Latte with Skim Milk, Small",170,0.5,35,1,7,32,Dunkin Donuts
Hot Latte,"Mocha Swirl Hot Latte with Whole Milk, Large",440,13,69,2,13,63,Dunkin Donuts
Hot Latte,"Mocha Swirl Hot Latte with Whole Milk, Medium",330,10,52,2,10,47,Dunkin Donuts
Hot Latte,"Mocha Swirl Hot Latte with Whole Milk, Small",220,6,35,1,7,32,Dunkin Donuts
Hot Macchiato,"Butter Pecan Swirl Hot Macchiato with Skim Milk, Large",310,0,64,0,12,60,Dunkin Donuts
Hot Macchiato,"Butter Pecan Swirl Hot Macchiato with Skim Milk, Medium",230,0,48,0,9,45,Dunkin Donuts
Hot Macchiato,"Butter Pecan Swirl Hot Macchiato with Skim Milk, Small",160,0,33,0,6,30,Dunkin Donuts
Hot Macchiato,"Butter Pecan Swirl Hot Macchiato with Whole Milk, Large",380,8,64,0,11,60,Dunkin Donuts
Hot Macchiato,"Butter Pecan Swirl Hot Macchiato with Whole Milk, Medium",280,6,48,0,8,45,Dunkin Donuts
Hot Macchiato,"Butter Pecan Swirl Hot Macchiato with Whole Milk, Small",190,4,32,0,6,30,Dunkin Donuts
Hot Macchiato,"Caramel Swirl Hot Macchiato with Skim Milk, Large",310,0,66,0,11,63,Dunkin Donuts
Hot Macchiato,"Caramel Swirl Hot Macchiato with Skim Milk, Medium",240,0,49,0,8,47,Dunkin Donuts
Hot Macchiato,"Caramel Swirl Hot Macchiato with Skim Milk, Small",160,0,33,0,6,32,Dunkin Donuts
Hot Macchiato,"Caramel Swirl Hot Macchiato with Whole Milk, Large",380,8,65,0,11,63,Dunkin Donuts
Hot Macchiato,"Caramel Swirl Hot Macchiato with Whole Milk, Medium",290,6,49,0,8,47,Dunkin Donuts
Hot Macchiato,"Caramel Swirl Hot Macchiato with Whole Milk, Small",190,4,33,0,5,31,Dunkin Donuts
Hot Macchiato,"French Vanilla Swirl Hot Macchiato with Skim Milk, Large",310,0,65,0,11,61,Dunkin Donuts
Hot Macchiato,"French Vanilla Swirl Hot Macchiato with Skim Milk, Medium",230,0,49,0,8,46,Dunkin Donuts
Hot Macchiato,"French Vanilla Swirl Hot Macchiato with Skim Milk, Small",160,0,33,0,5,30,Dunkin Donuts
Hot Macchiato,"French Vanilla Swirl Hot Macchiato with Whole Milk, Large",380,8,65,0,10,60,Dunkin Donuts
Hot Macchiato,"French Vanilla Swirl Hot Macchiato with Whole Milk, Medium",280,6,49,0,8,45,Dunkin Donuts
Hot Macchiato,"French Vanilla Swirl Hot Macchiato with Whole Milk, Small",190,4,33,0,5,30,Dunkin Donuts
Hot Macchiato,"Hazelnut Swirl Hot Macchiato with Macchiato with Skim Milk, Large",310,0,65,0,11,61,Dunkin Donuts
Hot Macchiato,"Hazelnut Swirl Hot Macchiato with Macchiato with Skim Milk, Medium",230,0,49,0,8,46,Dunkin Donuts
Hot Macchiato,"Hazelnut Swirl Hot Macchiato with Macchiato with Skim Milk, Small",160,0,33,0,5,30,Dunkin Donuts
Hot Macchiato,"Hazelnut Swirl Hot Macchiato with Whole Milk, Large",380,8,65,0,10,60,Dunkin Donuts
Hot Macchiato,"Hazelnut Swirl Hot Macchiato with Whole Milk, Medium",280,6,49,0,8,45,Dunkin Donuts
Hot Macchiato,"Hazelnut Swirl Hot Macchiato with Whole Milk, Small",190,4,33,0,5,30,Dunkin Donuts
Hot Macchiato,"Hot Macchiato with Skim Milk and Sugar, Large",230,0,49,0,8,47,Dunkin Donuts
Hot Macchiato,"Hot Macchiato with Skim Milk and Sugar, Medium",170,0,37,0,6,35,Dunkin Donuts
Hot Macchiato,"Hot Macchiato with Skim Milk and Sugar, Small",120,0,25,0,4,23,Dunkin Donuts
Hot Macchiato,"Hot Macchiato with Skim Milk, Large",90,0,14,0,8,12,Dunkin Donuts
Hot Macchiato,"Hot Macchiato with Skim Milk, Medium",70,0,11,0,6,9,Dunkin Donuts
Hot Macchiato,"Hot Macchiato with Skim Milk, Small",50,0,7,0,4,6,Dunkin Donuts
Hot Macchiato,"Hot Macchiato with Whole Milk and Sugar, Large",290,8,49,0,8,46,Dunkin Donuts
Hot Macchiato,"Hot Macchiato with Whole Milk and Sugar, Medium",220,6,37,0,6,35,Dunkin Donuts
Hot Macchiato,"Hot Macchiato with Whole Milk and Sugar, Small",150,4,25,0,4,23,Dunkin Donuts
Hot Macchiato,"Hot Macchiato with Whole Milk, Large",160,8,14,0,8,12,Dunkin Donuts
Hot Macchiato,"Hot Macchiato with Whole Milk, Medium",120,6,10,0,6,9,Dunkin Donuts
Hot Macchiato,"Hot Macchiato with Whole Milk, Small",80,4,7,0,4,6,Dunkin Donuts
Hot Macchiato,"Mocha Swirl Hot Macchiato with Skim Milk, Large",300,1,65,2,10,58,Dunkin Donuts
Hot Macchiato,"Mocha Swirl Hot Macchiato with Skim Milk, Medium",230,1,49,2,7,43,Dunkin Donuts
Hot Macchiato,"Mocha Swirl Hot Macchiato with Skim Milk, Small",150,0.5,33,1,5,29,Dunkin Donuts
Hot Macchiato,"Mocha Swirl Hot Macchiato with Whole Milk, Large",370,9,64,2,9,57,Dunkin Donuts
Hot Macchiato,"Mocha Swirl Hot Macchiato with Whole Milk, Medium",280,7,48,2,7,43,Dunkin Donuts
Hot Macchiato,"Mocha Swirl Hot Macchiato with Whole Milk, Small",180,4.5,32,1,5,29,Dunkin Donuts
Hot Macchiato,"Vanilla Chai/Vanilla Spice, Large",450,12,75,0,14,66,Dunkin Donuts
Hot Macchiato,"Vanilla Chai/Vanilla Spice, Medium",340,9,56,0,10,49,Dunkin Donuts
Hot Macchiato,"Vanilla Chai/Vanilla Spice, Small",230,6,37,0,7,33,Dunkin Donuts
Iced Americano,"Iced Americano, Large",10,0,2,0,0,0,Dunkin Donuts
Iced Americano,"Iced Americano, Medium",10,0,2,0,0,0,Dunkin Donuts
Iced Americano,"Iced Americano, Small",5,0,1,0,0,0,Dunkin Donuts
Iced Cappuccino,"Butter Pecan Swirl Iced Cappuccino with Skim Milk, Large",310,0,64,0,11,60,Dunkin Donuts
Iced Cappuccino,"Butter Pecan Swirl Iced Cappuccino with Skim Milk, Medium",230,0,48,0,9,45,Dunkin Donuts
Iced Cappuccino,"Butter Pecan Swirl Iced Cappuccino with Skim Milk, Small",150,0,32,0,6,30,Dunkin Donuts
Iced Cappuccino,"Butter Pecan Swirl Iced Cappuccino with Whole Milk, Large",370,8,63,0,11,60,Dunkin Donuts
Iced Cappuccino,"Butter Pecan Swirl Iced Cappuccino with Whole Milk, Medium",280,6,47,0,8,45,Dunkin Donuts
Iced Cappuccino,"Butter Pecan Swirl Iced Cappuccino with Whole Milk, Small",190,4,32,0,5,30,Dunkin Donuts
Iced Cappuccino,"Caramel Swirl Iced Cappuccino with Skim Milk, Large",310,0,65,0,11,63,Dunkin Donuts
Iced Cappuccino,"Caramel Swirl Iced Cappuccino with Skim Milk, Medium",230,0,49,0,8,47,Dunkin Donuts
Iced Cappuccino,"Caramel Swirl Iced Cappuccino with Skim Milk, Small",160,0,33,0,6,32,Dunkin Donuts
Iced Cappuccino,"Caramel Swirl Iced Cappuccino with Whole Milk, Large",380,8,65,0,11,63,Dunkin Donuts
Iced Cappuccino,"Caramel Swirl Iced Cappuccino with Whole Milk, Medium",280,6,48,0,8,47,Dunkin Donuts
Iced Cappuccino,"Caramel Swirl Iced Cappuccino with Whole Milk, Small",190,4,32,0,5,31,Dunkin Donuts
Iced Cappuccino,"French Vanilla Swirl Iced Cappuccino with Skim Milk, Large",310,0,65,0,11,61,Dunkin Donuts
Iced Cappuccino,"French Vanilla Swirl Iced Cappuccino with Skim Milk, Medium",230,0,48,0,8,46,Dunkin Donuts
Iced Cappuccino,"French Vanilla Swirl Iced Cappuccino with Skim Milk, Small",150,0,32,0,5,30,Dunkin Donuts
Iced Cappuccino,"French Vanilla Swirl Iced Cappuccino with Whole Milk, Large",370,8,64,0,10,60,Dunkin Donuts
Iced Cappuccino,"French Vanilla Swirl Iced Cappuccino with Whole Milk, Medium",280,6,48,0,8,45,Dunkin Donuts
Iced Cappuccino,"French Vanilla Swirl Iced Cappuccino with Whole Milk, Small",190,4,32,0,5,30,Dunkin Donuts
Iced Cappuccino,"Hazelnut Swirl Iced Cappuccino with Skim Milk, Large",310,0,65,0,11,61,Dunkin Donuts
Iced Cappuccino,"Hazelnut Swirl Iced Cappuccino with Skim Milk, Medium",230,0,49,0,8,46,Dunkin Donuts
Iced Cappuccino,"Hazelnut Swirl Iced Cappuccino with Skim Milk, Small",150,0,32,0,5,30,Dunkin Donuts
Iced Cappuccino,"Hazelnut Swirl Iced Cappuccino with Whole Milk, Large",370,8,64,0,10,60,Dunkin Donuts
Iced Cappuccino,"Hazelnut Swirl Iced Cappuccino with Whole Milk, Medium",280,6,48,0,8,45,Dunkin Donuts
Iced Cappuccino,"Hazelnut Swirl Iced Cappuccino with Whole Milk, Small",190,4,32,0,5,30,Dunkin Donuts
Iced Cappuccino,"Iced Cappuccino with Skim Milk and Sugar, Large",230,0,48,0,8,47,Dunkin Donuts
Iced Cappuccino,"Iced Cappuccino with Skim Milk and Sugar, Medium",170,0,36,0,6,35,Dunkin Donuts
Iced Cappuccino,"Iced Cappuccino with Skim Milk and Sugar, Small",110,0,24,0,4,23,Dunkin Donuts
Iced Cappuccino,"Iced Cappuccino with Skim Milk, Large",90,0,13,0,8,12,Dunkin Donuts
Iced Cappuccino,"Iced Cappuccino with Skim Milk, Medium",70,0,10,0,6,9,Dunkin Donuts
Iced Cappuccino,"Iced Cappuccino with Skim Milk, Small",45,0,7,0,4,6,Dunkin Donuts
Iced Cappuccino,"Iced Cappuccino with Whole Milk and Sugar, Large",290,8,48,0,8,46,Dunkin Donuts
Iced Cappuccino,"Iced Cappuccino with Whole Milk and Sugar, Medium",220,6,36,0,6,35,Dunkin Donuts
Iced Cappuccino,"Iced Cappuccino with Whole Milk and Sugar, Small",150,4,24,0,4,23,Dunkin Donuts
Iced Cappuccino,"Iced Cappuccino with Whole Milk, Large",160,8,13,0,8,12,Dunkin Donuts
Iced Cappuccino,"Iced Cappuccino with Whole Milk, Medium",120,6,10,0,6,9,Dunkin Donuts
Iced Cappuccino,"Iced Cappuccino with Whole Milk, Small",80,4,7,0,4,6,Dunkin Donuts
Iced Cappuccino,"Mocha Swirl Iced Cappuccino with Skim Milk, Large",300,1,64,2,10,58,Dunkin Donuts
Iced Cappuccino,"Mocha Swirl Iced Cappuccino with Skim Milk, Medium",220,1,48,2,7,43,Dunkin Donuts
Iced Cappuccino,"Mocha Swirl Iced Cappuccino with Skim Milk, Small",150,0.5,32,1,5,29,Dunkin Donuts
Iced Cappuccino,"Mocha Swirl Iced Cappuccino with Whole Milk, Large",360,9,63,2,9,57,Dunkin Donuts
Iced Cappuccino,"Mocha Swirl Iced Cappuccino with Whole Milk, Medium",270,7,48,2,7,43,Dunkin Donuts
Iced Cappuccino,"Mocha Swirl Iced Cappuccino with Whole Milk, Small",180,4.5,32,1,5,29,Dunkin Donuts
Iced Coffee,"Butter Pecan Swirl Iced Coffee with Black, Large",220,0,50,0,4,48,Dunkin Donuts
Iced Coffee,"Butter Pecan Swirl Iced Coffee with Black, Medium",170,0,38,0,3,36,Dunkin Donuts
Iced Coffee,"Butter Pecan Swirl Iced Coffee with Black, Small",110,0,25,0,2,24,Dunkin Donuts
Iced Coffee,"Butter Pecan Swirl Iced Coffee with Cream, Large",340,12,52,0,5,50,Dunkin Donuts
Iced Coffee,"Butter Pecan Swirl Iced Coffee with Cream, Medium",250,9,39,0,4,37,Dunkin Donuts
Iced Coffee,"Butter Pecan Swirl Iced Coffee with Cream, Small",170,6,26,0,3,25,Dunkin Donuts
Iced Coffee,"Caramel Swirl Iced Coffee with Cream, Large",340,12,53,0,5,53,Dunkin Donuts
Iced Coffee,"Caramel Swirl Iced Coffee with Cream, Medium",260,9,40,0,4,40,Dunkin Donuts
Iced Coffee,"Caramel Swirl Iced Coffee with Cream, Small",170,6,27,0,3,26,Dunkin Donuts
Iced Coffee,"Caramel Swirl Iced Coffee, Large",230,0,52,0,3,51,Dunkin Donuts
Iced Coffee,"Caramel Swirl Iced Coffee, Medium",170,0,39,0,3,38,Dunkin Donuts
Iced Coffee,"Caramel Swirl Iced Coffee, Small",110,0,26,0,2,26,Dunkin Donuts
Iced Coffee,"French Vanilla Swirl Iced Coffee with Cream, Large",340,12,53,0,5,50,Dunkin Donuts
Iced Coffee,"French Vanilla Swirl Iced Coffee with Cream, Medium",250,9,40,0,4,38,Dunkin Donuts
Iced Coffee,"French Vanilla Swirl Iced Coffee with Cream, Small",170,6,26,0,2,25,Dunkin Donuts
Iced Coffee,"French Vanilla Swirl Iced Coffee, Large",220,0,51,0,3,49,Dunkin Donuts
Iced Coffee,"French Vanilla Swirl Iced Coffee, Medium",170,0,38,0,2,37,Dunkin Donuts
Iced Coffee,"French Vanilla Swirl Iced Coffee, Small",110,0,26,0,2,24,Dunkin Donuts
Iced Coffee,"Hazelnut Swirl Iced Coffee with Cream, Large",340,12,53,0,5,50,Dunkin Donuts
Iced Coffee,"Hazelnut Swirl Iced Coffee with Cream, Medium",250,9,40,0,4,38,Dunkin Donuts
Iced Coffee,"Hazelnut Swirl Iced Coffee with Cream, Small",170,6,27,0,2,25,Dunkin Donuts
Iced Coffee,"Hazelnut Swirl Iced Coffee, Large",220,0,51,0,3,49,Dunkin Donuts
Iced Coffee,"Hazelnut Swirl Iced Coffee, Medium",170,0,38,0,2,37,Dunkin Donuts
Iced Coffee,"Hazelnut Swirl Iced Coffee, Small",110,0,26,0,2,24,Dunkin Donuts
Iced Coffee,"Iced Cafe Au Lait with Skim Milk, Large",90,0,12,0,9,12,Dunkin Donuts
Iced Coffee,"Iced Cafe Au Lait with Skim Milk, Medium",60,0,9,0,6,9,Dunkin Donuts
Iced Coffee,"Iced Cafe Au Lait with Skim Milk, Small",45,0,6,0,4,6,Dunkin Donuts
Iced Coffee,"Iced Cafe Au Lait with Whole Milk, Large",150,8,12,0,8,12,Dunkin Donuts
Iced Coffee,"Iced Cafe Au Lait with Whole Milk, Medium",110,6,9,0,6,9,Dunkin Donuts
Iced Coffee,"Iced Cafe Au Lait with Whole Milk, Small",80,4,6,0,4,6,Dunkin Donuts
Iced Coffee,"Iced Coffee with Almond Milk, Large",35,1,5,0,1,5,Dunkin Donuts
Iced Coffee,"Iced Coffee with Almond Milk, Medium",25,0.5,4,0,1,3,Dunkin Donuts
Iced Coffee,"Iced Coffee with Almond Milk, Small",15,0,2,0,0,2,Dunkin Donuts
Iced Coffee,"Iced Coffee with Cream and Sugar, Large",260,12,37,0,2,36,Dunkin Donuts
Iced Coffee,"Iced Coffee with Cream and Sugar, Medium",190,9,27,0,2,27,Dunkin Donuts
Iced Coffee,"Iced Coffee with Cream and Sugar, Small",130,6,18,0,1,18,Dunkin Donuts
Iced Coffee,"Iced Coffee with Cream, Large",120,12,2,0,2,2,Dunkin Donuts
Iced Coffee,"Iced Coffee with Cream, Medium",90,9,1,0,2,1,Dunkin Donuts
Iced Coffee,"Iced Coffee with Cream, Small",60,6,1,0,1,1,Dunkin Donuts
Iced Coffee,"Iced Coffee with Skim Milk and Sugar, Large",160,0,38,0,3,38,Dunkin Donuts
Iced Coffee,"Iced Coffee with Skim Milk and Sugar, Medium",120,0,28,0,2,28,Dunkin Donuts
Iced Coffee,"Iced Coffee with Skim Milk and Sugar, Small",80,0,19,0,1,19,Dunkin Donuts
Iced Coffee,"Iced Coffee with Skim Milk, Large",25,0,3,0,3,3,Dunkin Donuts
Iced Coffee,"Iced Coffee with Skim Milk, Medium",20,0,2,0,2,2,Dunkin Donuts
Iced Coffee,"Iced Coffee with Skim Milk, Small",15,0,2,0,1,2,Dunkin Donuts
Iced Coffee,"Iced Coffee with Sugar, Large",140,0,35,0,1,35,Dunkin Donuts
Iced Coffee,"Iced Coffee with Sugar, Medium",110,0,26,0,0,26,Dunkin Donuts
Iced Coffee,"Iced Coffee with Sugar, Small",70,0,17,0,0,17,Dunkin Donuts
Iced Coffee,"Iced Coffee with Whole Milk and Sugar, Large",180,2,38,0,3,38,Dunkin Donuts
Iced Coffee,"Iced Coffee with Whole Milk and Sugar, Medium",130,1.5,28,0,2,28,Dunkin Donuts
Iced Coffee,"Iced Coffee with Whole Milk and Sugar, Small",90,1,19,0,1,19,Dunkin Donuts
Iced Coffee,"Iced Coffee with Whole Milk, Large",40,2,3,0,3,3,Dunkin Donuts
Iced Coffee,"Iced Coffee with Whole Milk, Medium",30,1.5,2,0,2,2,Dunkin Donuts
Iced Coffee,"Iced Coffee with Whole Milk, Small",20,1,1,0,1,1,Dunkin Donuts
Iced Coffee,"Iced Coffee, Large",5,0,0,0,1,0,Dunkin Donuts
Iced Coffee,"Iced Coffee, Medium",5,0,0,0,0,0,Dunkin Donuts
Iced Coffee,"Iced Coffee, Small",5,0,0,0,0,0,Dunkin Donuts
Iced Coffee,Mocha Swirl Iced Coffee Large,210,1,50,2,2,46,Dunkin Donuts
Iced Coffee,Mocha Swirl Iced Coffee Medium,160,0.5,38,2,2,34,Dunkin Donuts
Iced Coffee,Mocha Swirl Iced Coffee Small,110,0,25,1,1,23,Dunkin Donuts
Iced Coffee,"Mocha Swirl Iced Coffee with Cream, Large",330,12,52,2,4,47,Dunkin Donuts
Iced Coffee,"Mocha Swirl Iced Coffee with Cream, Medium",240,9,39,2,3,35,Dunkin Donuts
Iced Coffee,"Mocha Swirl Iced Coffee with Cream, Small",160,6,26,1,2,24,Dunkin Donuts
Iced Latte,"Butter Pecan Swirl Iced Latte with Skim Milk, Large",350,0.5,70,0,16,66,Dunkin Donuts
Iced Latte,"Butter Pecan Swirl Iced Latte with Skim Milk, Medium",260,0,52,0,12,50,Dunkin Donuts
Iced Latte,"Butter Pecan Swirl Iced Latte with Skim Milk, Small",170,0,35,0,8,33,Dunkin Donuts
Iced Latte,"Butter Pecan Swirl Iced Latte with Whole Milk, Large",450,12,69,0,15,66,Dunkin Donuts
Iced Latte,"Butter Pecan Swirl Iced Latte with Whole Milk, Medium",330,9,52,0,11,49,Dunkin Donuts
Iced Latte,"Butter Pecan Swirl Iced Latte with Whole Milk, Small",220,6,35,0,7,33,Dunkin Donuts
Iced Latte,"Caramel Craze Signature Iced Latte with Skim Milk, Large",430,6,79,0,16,75,Dunkin Donuts
Iced Latte,"Caramel Craze Signature Iced Latte with Skim Milk, Medium",340,5,61,0,12,57,Dunkin Donuts
Iced Latte,"Caramel Craze Signature Iced Latte with Skim Milk, Small",250,5,43,0,8,40,Dunkin Donuts
Iced Latte,"Caramel Craze Signature Iced Latte with Whole Milk, Large",530,17,79,0,15,74,Dunkin Donuts
Iced Latte,"Caramel Craze Signature Iced Latte with Whole Milk, Medium",410,14,61,0,11,57,Dunkin Donuts
Iced Latte,"Caramel Craze Signature Iced Latte with Whole Milk, Small",300,11,43,0,8,39,Dunkin Donuts
Iced Latte,"Caramel Swirl Iced Latte with Skim Milk, Large",350,0,71,0,15,69,Dunkin Donuts
Iced Latte,"Caramel Swirl Iced Latte with Skim Milk, Medium",260,0,53,0,11,52,Dunkin Donuts
Iced Latte,"Caramel Swirl Iced Latte with Skim Milk, Small",180,0,36,0,8,35,Dunkin Donuts
Iced Latte,"Caramel Swirl Iced Latte with Whole Milk, Large",450,12,70,0,14,69,Dunkin Donuts
Iced Latte,"Caramel Swirl Iced Latte with Whole Milk, Medium",340,9,53,0,11,52,Dunkin Donuts
Iced Latte,"Caramel Swirl Iced Latte with Whole Milk, Small",230,6,35,0,7,34,Dunkin Donuts
Iced Latte,"Cocoa Mocha Signature Iced Latte with Skim Milk, Large",420,6,78,2,15,69,Dunkin Donuts
Iced Latte,"Cocoa Mocha Signature Iced Latte with Skim Milk, Medium",330,6,60,2,11,52,Dunkin Donuts
Iced Latte,"Cocoa Mocha Signature Iced Latte with Skim Milk, Small",250,5,43,1,8,36,Dunkin Donuts
Iced Latte,"Cocoa Mocha Signature Iced Latte with Whole Milk, Large",520,18,77,2,14,68,Dunkin Donuts
Iced Latte,"Cocoa Mocha Signature Iced Latte with Whole Milk, Medium",400,14,60,2,10,52,Dunkin Donuts
Iced Latte,"Cocoa Mocha Signature Iced Latte with Whole Milk, Small",300,11,42,1,7,36,Dunkin Donuts
Iced Latte,"French Vanilla Swirl Iced Latte with Skim Milk, Large",350,0,71,0,15,67,Dunkin Donuts
Iced Latte,"French Vanilla Swirl Iced Latte with Skim Milk, Medium",260,0,53,0,11,50,Dunkin Donuts
Iced Latte,"French Vanilla Swirl Iced Latte with Skim Milk, Small",170,0,35,0,7,33,Dunkin Donuts
Iced Latte,"French Vanilla Swirl Iced Latte with Whole Milk, Large",450,12,70,0,14,66,Dunkin Donuts
Iced Latte,"French Vanilla Swirl Iced Latte with Whole Milk, Medium",330,9,52,0,11,50,Dunkin Donuts
Iced Latte,"French Vanilla Swirl Iced Latte with Whole Milk, Small",220,6,35,0,7,33,Dunkin Donuts
Iced Latte,"Hazelnut Swirl Iced Latte with Skim Milk, Large",350,0,71,0,15,67,Dunkin Donuts
Iced Latte,"Hazelnut Swirl Iced Latte with Skim Milk, Medium",260,0,53,0,11,50,Dunkin Donuts
Iced Latte,"Hazelnut Swirl Iced Latte with Skim Milk, Small",170,0,35,0,7,33,Dunkin Donuts
Iced Latte,"Hazelnut Swirl Iced Latte with Whole Milk, Large",450,12,70,0,14,66,Dunkin Donuts
Iced Latte,"Hazelnut Swirl Iced Latte with Whole Milk, Medium",340,9,53,0,11,50,Dunkin Donuts
Iced Latte,"Hazelnut Swirl Iced Latte with Whole Milk, Small",220,6,35,0,7,33,Dunkin Donuts
Iced Latte,"Iced Latte with Almond Milk, Large",130,3.5,23,1,2,20,Dunkin Donuts
Iced Latte,"Iced Latte with Almond Milk, Medium",100,3,17,1,1,15,Dunkin Donuts
Iced Latte,"Iced Latte with Almond Milk, Small",70,2,11,0,1,10,Dunkin Donuts
Iced Latte,"Iced Latte with Skim Milk and Sugar, Large",270,0,54,0,12,53,Dunkin Donuts
Iced Latte,"Iced Latte with Skim Milk and Sugar, Medium",200,0,41,0,9,40,Dunkin Donuts
Iced Latte,"Iced Latte with Skim Milk and Sugar, Small",130,0,27,0,6,26,Dunkin Donuts
Iced Latte,"Iced Latte with Skim Milk, Large",130,0,20,0,12,18,Dunkin Donuts
Iced Latte,"Iced Latte with Skim Milk, Medium",100,0,15,0,9,14,Dunkin Donuts
Iced Latte,"Iced Latte with Skim Milk, Small",70,0,10,0,6,9,Dunkin Donuts
Iced Latte,"Iced Latte with Whole Milk and Sugar, Large",370,12,54,0,12,52,Dunkin Donuts
Iced Latte,"Iced Latte with Whole Milk and Sugar, Medium",270,9,40,0,9,39,Dunkin Donuts
Iced Latte,"Iced Latte with Whole Milk and Sugar, Small",180,6,27,0,6,26,Dunkin Donuts
Iced Latte,"Iced Latte with Whole Milk, Large",230,12,19,0,12,18,Dunkin Donuts
Iced Latte,"Iced Latte with Whole Milk, Medium",170,9,14,0,9,13,Dunkin Donuts
Iced Latte,"Iced Latte with Whole Milk, Small",120,6,9,0,6,9,Dunkin Donuts
Iced Latte,"Matcha Iced Latte with Skim Milk, Large",240,0,45,2,14,43,Dunkin Donuts
Iced Latte,"Matcha Iced Latte with Skim Milk, Medium",180,0,34,1,11,32,Dunkin Donuts
Iced Latte,"Matcha Iced Latte with Skim Milk, Small",120,0,23,1,7,22,Dunkin Donuts
Iced Latte,"Matcha Iced Latte with Whole Milk, Large",340,12,44,2,13,43,Dunkin Donuts
Iced Latte,"Matcha Iced Latte with Whole Milk, Medium",250,9,33,1,10,32,Dunkin Donuts
Iced Latte,"Matcha Iced Latte with Whole Milk, Small",170,6,22,1,7,21,Dunkin Donuts
Iced Latte,"Mocha Swirl Iced Latte with Skim Milk, Large",340,1,70,2,14,64,Dunkin Donuts
Iced Latte,"Mocha Swirl Iced Latte with Skim Milk, Medium",250,1,52,2,10,48,Dunkin Donuts
Iced Latte,"Mocha Swirl Iced Latte with Skim Milk, Small",170,0.5,35,1,7,32,Dunkin Donuts
Iced Latte,"Mocha Swirl Iced Latte with Whole Milk, Large",440,13,69,2,13,63,Dunkin Donuts
Iced Latte,"Mocha Swirl Iced Latte with Whole Milk, Medium",330,10,52,2,10,47,Dunkin Donuts
Iced Latte,"Mocha Swirl Iced Latte with Whole Milk, Small",220,6,35,1,7,32,Dunkin Donuts
Iced Macchiato,"Butter Pecan Swirl Iced Macchiato with Skim Milk, Large",310,0,64,0,12,60,Dunkin Donuts
Iced Macchiato,"Butter Pecan Swirl Iced Macchiato with Skim Milk, Medium",230,0,48,0,9,45,Dunkin Donuts
Iced Macchiato,"Butter Pecan Swirl Iced Macchiato with Skim Milk, Small",160,0,33,0,6,30,Dunkin Donuts
Iced Macchiato,"Butter Pecan Swirl Iced Macchiato with Whole Milk, Large",380,8,64,0,11,60,Dunkin Donuts
Iced Macchiato,"Butter Pecan Swirl Iced Macchiato with Whole Milk, Medium",280,6,48,0,8,45,Dunkin Donuts
Iced Macchiato,"Butter Pecan Swirl Iced Macchiato with Whole Milk, Small",190,4,32,0,6,30,Dunkin Donuts
Iced Macchiato,"Caramel Swirl Iced Macchiato with Skim Milk, Large",310,0,66,0,11,63,Dunkin Donuts
Iced Macchiato,"Caramel Swirl Iced Macchiato with Skim Milk, Medium",240,0,49,0,8,47,Dunkin Donuts
Iced Macchiato,"Caramel Swirl Iced Macchiato with Skim Milk, Small",160,0,33,0,6,32,Dunkin Donuts
Iced Macchiato,"Caramel Swirl Iced Macchiato with Whole Milk, Large",380,8,65,0,11,63,Dunkin Donuts
Iced Macchiato,"Caramel Swirl Iced Macchiato with Whole Milk, Medium",290,6,49,0,8,47,Dunkin Donuts
Iced Macchiato,"Caramel Swirl Iced Macchiato with Whole Milk, Small",190,4,33,0,5,31,Dunkin Donuts
Iced Macchiato,"French Vanilla Swirl Iced Macchiato with Skim Milk, Large",310,0,65,0,11,61,Dunkin Donuts
Iced Macchiato,"French Vanilla Swirl Iced Macchiato with Skim Milk, Medium",230,0,49,0,8,46,Dunkin Donuts
Iced Macchiato,"French Vanilla Swirl Iced Macchiato with Skim Milk, Small",160,0,33,0,5,30,Dunkin Donuts
Iced Macchiato,"French Vanilla Swirl Iced Macchiato with Whole Milk, Large",380,8,65,0,10,60,Dunkin Donuts
Iced Macchiato,"French Vanilla Swirl Iced Macchiato with Whole Milk, Medium",280,6,49,0,8,45,Dunkin Donuts
Iced Macchiato,"French Vanilla Swirl Iced Macchiato with Whole Milk, Small",190,4,33,0,5,30,Dunkin Donuts
Iced Macchiato,"Hazelnut Swirl Iced Macchiato with Skim Milk, Large",310,0,65,0,11,61,Dunkin Donuts
Iced Macchiato,"Hazelnut Swirl Iced Macchiato with Skim Milk, Medium",230,0,49,0,8,46,Dunkin Donuts
Iced Macchiato,"Hazelnut Swirl Iced Macchiato with Skim Milk, Small",160,0,33,0,5,30,Dunkin Donuts
Iced Macchiato,"Hazelnut Swirl Iced Macchiato with Whole Milk, Large",380,8,65,0,10,60,Dunkin Donuts
Iced Macchiato,"Hazelnut Swirl Iced Macchiato with Whole Milk, Medium",280,6,49,0,8,45,Dunkin Donuts
Iced Macchiato,"Hazelnut Swirl Iced Macchiato with Whole Milk, Small",190,4,33,0,5,30,Dunkin Donuts
Iced Macchiato,"Iced Macchiato with Skim Milk and Sugar, Large",230,0,49,0,8,47,Dunkin Donuts
Iced Macchiato,"Iced Macchiato with Skim Milk and Sugar, Medium",170,0,37,0,6,35,Dunkin Donuts
Iced Macchiato,"Iced Macchiato with Skim Milk and Sugar, Small",120,0,25,0,4,23,Dunkin Donuts
Iced Macchiato,"Iced Macchiato with Skim Milk, Large",90,0,14,0,8,12,Dunkin Donuts
Iced Macchiato,"Iced Macchiato with Skim Milk, Medium",70,0,11,0,6,9,Dunkin Donuts
Iced Macchiato,"Iced Macchiato with Skim Milk, Small",50,0,7,0,4,6,Dunkin Donuts
Iced Macchiato,"Iced Macchiato with Whole Milk and Sugar, Large",290,8,49,0,8,46,Dunkin Donuts
Iced Macchiato,"Iced Macchiato with Whole Milk and Sugar, Medium",220,6,37,0,6,35,Dunkin Donuts
Iced Macchiato,"Iced Macchiato with Whole Milk and Sugar, Small",150,4,25,0,4,23,Dunkin Donuts
Iced Macchiato,"Iced Macchiato with Whole Milk, Large",160,8,14,0,8,12,Dunkin Donuts
Iced Macchiato,"Iced Macchiato with Whole Milk, Medium",120,6,10,0,6,9,Dunkin Donuts
Iced Macchiato,"Iced Macchiato with Whole Milk, Small",80,4,7,0,4,6,Dunkin Donuts
Iced Macchiato,"Mocha Swirl Iced Macchiato with Skim Milk, Large",300,1,65,2,10,58,Dunkin Donuts
Iced Macchiato,"Mocha Swirl Iced Macchiato with Skim Milk, Medium",230,1,49,2,7,43,Dunkin Donuts
Iced Macchiato,"Mocha Swirl Iced Macchiato with Skim Milk, Small",150,0.5,33,1,5,29,Dunkin Donuts
Iced Macchiato,"Mocha Swirl Iced Macchiato with Whole Milk, Large",370,9,64,2,9,57,Dunkin Donuts
Iced Macchiato,"Mocha Swirl Iced Macchiato with Whole Milk, Medium",280,7,48,2,7,43,Dunkin Donuts
Iced Macchiato,"Mocha Swirl Iced Macchiato with Whole Milk, Small",180,4.5,32,1,5,29,Dunkin Donuts
Iced Tea,"Iced Green Tea Sweetened, Large",140,0,33,0,1,22,Dunkin Donuts
Iced Tea,"Iced Green Tea Sweetened, Medium",100,0,25,0,1,25,Dunkin Donuts
Iced Tea,"Iced Green Tea Sweetened, Small",70,0,16,0,1,16,Dunkin Donuts
Iced Tea,"Iced Green Tea Unsweetened, Large",5,0,0,0,1,0,Dunkin Donuts
Iced Tea,"Iced Green Tea Unsweetened, Medium",5,0,0,0,1,0,Dunkin Donuts
Iced Tea,"Iced Green Tea Unsweetened, Small",5,0,0,0,1,0,Dunkin Donuts
Iced Tea,"Iced Tea Sweetened Blueberry Flavored Tea, Large",150,0,38,0,0,33,Dunkin Donuts
Iced Tea,"Iced Tea Sweetened Blueberry Flavored Tea, Medium",110,0,28,0,0,25,Dunkin Donuts
Iced Tea,"Iced Tea Sweetened Blueberry Flavored Tea, Small",80,0,19,0,0,17,Dunkin Donuts
Iced Tea,"Iced Tea Sweetened Raspberry Flavored, Large",150,0,38,0,0,33,Dunkin Donuts
Iced Tea,"Iced Tea Sweetened Raspberry Flavored, Medium",110,0,29,0,0,25,Dunkin Donuts
Iced Tea,"Iced Tea Sweetened Raspberry Flavored, Small",80,0,19,0,0,17,Dunkin Donuts
Iced Tea,"Iced Tea Sweetened, Large",140,0,35,0,0,33,Dunkin Donuts
Iced Tea,"Iced Tea Sweetened, Medium",100,0,26,0,0,25,Dunkin Donuts
Iced Tea,"Iced Tea Sweetened, Small",70,0,17,0,0,16,Dunkin Donuts
Iced Tea,"Iced Tea Unsweetened Blueberry Flavored Tea, Large",20,0,5,0,0,0,Dunkin Donuts
Iced Tea,"Iced Tea Unsweetened Blueberry Flavored Tea, Medium",15,0,3,0,0,0,Dunkin Donuts
Iced Tea,"Iced Tea Unsweetened Blueberry Flavored Tea, Small",10,0,2,0,0,0,Dunkin Donuts
Iced Tea,"Iced Tea Unsweetened Raspberry Flavored, Large",20,0,5,0,0,0,Dunkin Donuts
Iced Tea,"Iced Tea Unsweetened Raspberry Flavored, Medium",15,0,4,0,0,0,Dunkin Donuts
Iced Tea,"Iced Tea Unsweetened Raspberry Flavored, Small",10,0,3,0,0,0,Dunkin Donuts
Iced Tea,"Iced Tea Unsweetened, Large",5,0,2,0,0,0,Dunkin Donuts
Iced Tea,"Iced Tea Unsweetened, Medium",5,0,1,0,0,0,Dunkin Donuts
Iced Tea,"Iced Tea Unsweetened, Small",5,0,1,0,0,0,Dunkin Donuts
Iced Tea,"Sweet Tea Blueberry Flavored, Large",330,0,86,0,0,81,Dunkin Donuts
Iced Tea,"Sweet Tea Blueberry Flavored, Medium",250,0,64,0,0,60,Dunkin Donuts
Iced Tea,"Sweet Tea Blueberry Flavored, Small",170,0,43,0,0,40,Dunkin Donuts
Iced Tea,"Sweet Tea Raspberry Flavored, Large",330,0,86,0,0,81,Dunkin Donuts
Iced Tea,"Sweet Tea Raspberry Flavored, Medium",250,0,65,0,0,60,Dunkin Donuts
Iced Tea,"Sweet Tea Raspberry Flavored, Small",170,0,43,0,0,40,Dunkin Donuts
Iced Tea,"Sweet Tea, Large",310,0,79,0,0,78,Dunkin Donuts
Iced Tea,"Sweet Tea, Medium",230,0,60,0,0,58,Dunkin Donuts
Iced Tea,"Sweet Tea, Small",150,0,40,0,0,39,Dunkin Donuts
Shaken Iced Beverages,Iced Brewed Coffee (With Classic Syrup),60,0,4,0,0.2,15,Starbucks
Shaken Iced Beverages,Iced Brewed Coffee (With Classic Syrup),90,0.1,5,0,0.3,21,Starbucks
Shaken Iced Beverages,Iced Brewed Coffee (With Classic Syrup),130,0.1,5,0,0.4,31,Starbucks
Shaken Iced Beverages,Iced Brewed Coffee (With Milk & Classic Syrup),80,0.1,25,0,2,18,Starbucks
Shaken Iced Beverages,Iced Brewed Coffee (With Milk & Classic Syrup),80,1,20,0,2,17,Starbucks
Shaken Iced Beverages,Iced Brewed Coffee (With Milk & Classic Syrup),90,1,25,0,2,18,Starbucks
Shaken Iced Beverages,Iced Brewed Coffee (With Milk & Classic Syrup),110,0.1,30,0,2,24,Starbucks
Shaken Iced Beverages,Iced Brewed Coffee (With Milk & Classic Syrup),110,1,30,0,2,22,Starbucks
Shaken Iced Beverages,Iced Brewed Coffee (With Milk & Classic Syrup),120,1.5,35,0,2,24,Starbucks
Shaken Iced Beverages,Iced Brewed Coffee (With Milk & Classic Syrup),160,0.1,50,0,4,36,Starbucks
Shaken Iced Beverages,Iced Brewed Coffee (With Milk & Classic Syrup),170,1.5,45,0,3,33,Starbucks
Shaken Iced Beverages,Iced Brewed Coffee (With Milk & Classic Syrup),180,2,55,0,4,36,Starbucks
Shaken Iced Beverages,Shaken Iced Tazo Tea (With Classic Syrup),60,0,0,0,0,15,Starbucks
Shaken Iced Beverages,Shaken Iced Tazo Tea (With Classic Syrup),80,0,0,0,0,21,Starbucks
Shaken Iced Beverages,Shaken Iced Tazo Tea (With Classic Syrup),120,0,0,0,0,31,Starbucks
Shaken Iced Beverages,Shaken Iced Tazo Tea Lemonade (With Classic Syrup),100,0,0,0,0.1,24,Starbucks
Shaken Iced Beverages,Shaken Iced Tazo Tea Lemonade (With Classic Syrup),130,0,0,0,0.1,33,Starbucks
Shaken Iced Beverages,Shaken Iced Tazo Tea Lemonade (With Classic Syrup),190,0,0,0,0.1,49,Starbucks
Signature Espresso Drinks,Caramel Apple Spice (Without Whipped Cream),140,0,10,0,0,33,Starbucks
Signature Espresso Drinks,Caramel Apple Spice (Without Whipped Cream),210,0,15,0,0,49,Starbucks
Signature Espresso Drinks,Caramel Apple Spice (Without Whipped Cream),280,0,20,0,0,65,Starbucks
Signature Espresso Drinks,Caramel Apple Spice (Without Whipped Cream),360,0,25,0,0,83,Starbucks
Signature Espresso Drinks,Caramel Macchiato,100,1,70,0,6,15,Starbucks
Signature Espresso Drinks,Caramel Macchiato,100,3,60,1,4,11,Starbucks
Signature Espresso Drinks,Caramel Macchiato,120,4,80,0,5,15,Starbucks
Signature Espresso Drinks,Caramel Macchiato,140,1,105,0,8,24,Starbucks
Signature Espresso Drinks,Caramel Macchiato,150,4.5,90,1,7,17,Starbucks
Signature Espresso Drinks,Caramel Macchiato,180,5,115,0,8,23,Starbucks
Signature Espresso Drinks,Caramel Macchiato,190,1,130,0,11,32,Starbucks
Signature Espresso Drinks,Caramel Macchiato,200,5,115,1,9,24,Starbucks
Signature Espresso Drinks,Caramel Macchiato,240,1,170,0,13,41,Starbucks
Signature Espresso Drinks,Caramel Macchiato,240,7,150,0,10,32,Starbucks
Signature Espresso Drinks,Caramel Macchiato,250,7,140,1,11,31,Starbucks
Signature Espresso Drinks,Caramel Macchiato,300,8,180,0,13,40,Starbucks
Signature Espresso Drinks,Hot Chocolate (Without Whipped Cream),130,1.5,70,1,7,23,Starbucks
Signature Espresso Drinks,Hot Chocolate (Without Whipped Cream),130,3.5,60,2,6,18,Starbucks
Signature Espresso Drinks,Hot Chocolate (Without Whipped Cream),150,4.5,80,1,7,22,Starbucks
Signature Espresso Drinks,Hot Chocolate (Without Whipped Cream),190,2,110,1,11,32,Starbucks
Signature Espresso Drinks,Hot Chocolate (Without Whipped Cream),200,6,95,2,9,25,Starbucks
Signature Espresso Drinks,Hot Chocolate (Without Whipped Cream),230,7,120,1,10,32,Starbucks
Signature Espresso Drinks,Hot Chocolate (Without Whipped Cream),240,2.5,140,2,14,41,Starbucks
Signature Espresso Drinks,Hot Chocolate (Without Whipped Cream),250,7,125,3,12,32,Starbucks
Signature Espresso Drinks,Hot Chocolate (Without Whipped Cream),290,9,160,2,14,41,Starbucks
Signature Espresso Drinks,Hot Chocolate (Without Whipped Cream),320,3,180,2,18,55,Starbucks
Signature Espresso Drinks,Hot Chocolate (Without Whipped Cream),330,9,160,4,15,44,Starbucks
Signature Espresso Drinks,Hot Chocolate (Without Whipped Cream),380,11,200,2,17,54,Starbucks
Signature Espresso Drinks,White Chocolate Mocha (Without Whipped Cream),180,3,120,0,7,29,Starbucks
Signature Espresso Drinks,White Chocolate Mocha (Without Whipped Cream),180,5,110,1,6,25,Starbucks
Signature Espresso Drinks,White Chocolate Mocha (Without Whipped Cream),200,6,125,0,7,29,Starbucks
Signature Espresso Drinks,White Chocolate Mocha (Without Whipped Cream),270,4.5,190,0,12,45,Starbucks
Signature Espresso Drinks,White Chocolate Mocha (Without Whipped Cream),280,8,170,1,10,39,Starbucks
Signature Espresso Drinks,White Chocolate Mocha (Without Whipped Cream),310,9,200,0,11,44,Starbucks
Signature Espresso Drinks,White Chocolate Mocha (Without Whipped Cream),350,6,240,0,15,58,Starbucks
Signature Espresso Drinks,White Chocolate Mocha (Without Whipped Cream),370,10,220,1,13,51,Starbucks
Signature Espresso Drinks,White Chocolate Mocha (Without Whipped Cream),400,11,250,0,15,58,Starbucks
Signature Espresso Drinks,White Chocolate Mocha (Without Whipped Cream),450,7,310,0,19,74,Starbucks
Signature Espresso Drinks,White Chocolate Mocha (Without Whipped Cream),460,13,290,1,16,64,Starbucks
Signature Espresso Drinks,White Chocolate Mocha (Without Whipped Cream),510,15,330,0,19,74,Starbucks
Smoothies,Banana Chocolate Smoothie,280,2.5,150,7,20,34,Starbucks
Smoothies,Banana Chocolate Smoothie,290,4.5,150,7,19,31,Starbucks
Smoothies,Banana Chocolate Smoothie,300,5,160,7,20,34,Starbucks
Smoothies,Orange Mango Banana Smoothie,260,1,120,6,16,37,Starbucks
Smoothies,Orange Mango Banana Smoothie,270,1.5,120,6,15,36,Starbucks
Smoothies,Orange Mango Banana Smoothie,270,1.5,125,6,16,37,Starbucks
Smoothies,Strawberry Banana Smoothie,290,1,125,7,16,41,Starbucks
Smoothies,Strawberry Banana Smoothie,290,2,120,8,16,40,Starbucks
Smoothies,Strawberry Banana Smoothie,290,2,125,7,16,41,Starbucks
Tazo Tea Drinks,Tazo Chai Tea Latte,100,0.1,50,0,4,21,Starbucks
Tazo Tea Drinks,Tazo Chai Tea Latte,110,1.5,45,0,3,18,Starbucks
Tazo Tea Drinks,Tazo Chai Tea Latte,120,2,55,0,4,21,Starbucks
Tazo Tea Drinks,Tazo Chai Tea Latte,160,0.2,80,0,6,32,Starbucks
Tazo Tea Drinks,Tazo Chai Tea Latte,160,2.5,70,1,5,28,Starbucks
Tazo Tea Drinks,Tazo Chai Tea Latte,190,3.5,90,0,6,32,Starbucks
Tazo Tea Drinks,Tazo Chai Tea Latte,210,0.2,105,0,8,43,Starbucks
Tazo Tea Drinks,Tazo Chai Tea Latte,220,3.5,90,1,6,37,Starbucks
Tazo Tea Drinks,Tazo Chai Tea Latte,240,4.5,115,0,8,42,Starbucks
Tazo Tea Drinks,Tazo Chai Tea Latte,260,0.3,135,0,10,54,Starbucks
Tazo Tea Drinks,Tazo Chai Tea Latte,280,4.5,115,1,8,46,Starbucks
Tazo Tea Drinks,Tazo Chai Tea Latte,310,6,150,0,10,53,Starbucks
Tazo Tea Drinks,Tazo Full-Leaf Red Tea Latte (Vanilla Rooibos),80,0.1,45,0,4,16,Starbucks
Tazo Tea Drinks,Tazo Full-Leaf Red Tea Latte (Vanilla Rooibos),80,1.5,40,0,3,13,Starbucks
Tazo Tea Drinks,Tazo Full-Leaf Red Tea Latte (Vanilla Rooibos),90,2,50,0,3,15,Starbucks
Tazo Tea Drinks,Tazo Full-Leaf Red Tea Latte (Vanilla Rooibos),120,0.1,65,0,5,23,Starbucks
Tazo Tea Drinks,Tazo Full-Leaf Red Tea Latte (Vanilla Rooibos),130,2.5,60,1,4,19,Starbucks
Tazo Tea Drinks,Tazo Full-Leaf Red Tea Latte (Vanilla Rooibos),140,3,75,0,5,23,Starbucks
Tazo Tea Drinks,Tazo Full-Leaf Red Tea Latte (Vanilla Rooibos),150,0.2,85,0,7,31,Starbucks
Tazo Tea Drinks,Tazo Full-Leaf Red Tea Latte (Vanilla Rooibos),170,3.5,80,1,6,25,Starbucks
Tazo Tea Drinks,Tazo Full-Leaf Red Tea Latte (Vanilla Rooibos),190,0.2,110,0,9,39,Starbucks
Tazo Tea Drinks,Tazo Full-Leaf Red Tea Latte (Vanilla Rooibos),190,4,95,0,7,30,Starbucks
Tazo Tea Drinks,Tazo Full-Leaf Red Tea Latte (Vanilla Rooibos),210,4,100,1,7,32,Starbucks
Tazo Tea Drinks,Tazo Full-Leaf Red Tea Latte (Vanilla Rooibos),230,5,125,0,9,38,Starbucks
Tazo Tea Drinks,Tazo Full-Leaf Tea Latte,80,0.1,45,0,4,16,Starbucks
Tazo Tea Drinks,Tazo Full-Leaf Tea Latte,80,1.5,40,0,3,13,Starbucks
Tazo Tea Drinks,Tazo Full-Leaf Tea Latte,90,2,50,0,3,15,Starbucks
Tazo Tea Drinks,Tazo Full-Leaf Tea Latte,120,0.1,65,0,5,23,Starbucks
Tazo Tea Drinks,Tazo Full-Leaf Tea Latte,130,2.5,60,1,4,19,Starbucks
Tazo Tea Drinks,Tazo Full-Leaf Tea Latte,140,3,75,0,5,23,Starbucks
Tazo Tea Drinks,Tazo Full-Leaf Tea Latte,150,0.2,85,0,7,31,Starbucks
Tazo Tea Drinks,Tazo Full-Leaf Tea Latte,170,3.5,80,1,6,25,Starbucks
Tazo Tea Drinks,Tazo Full-Leaf Tea Latte,190,0.2,110,0,9,39,Starbucks
Tazo Tea Drinks,Tazo Full-Leaf Tea Latte,190,4,95,0,7,30,Starbucks
Tazo Tea Drinks,Tazo Full-Leaf Tea Latte,210,4,100,1,7,32,Starbucks
Tazo Tea Drinks,Tazo Full-Leaf Tea Latte,230,5,125,0,9,38,Starbucks
Tazo Tea Drinks,Tazo Green Tea Latte,130,0.2,85,0,7,25,Starbucks
Tazo Tea Drinks,Tazo Green Tea Latte,140,3,70,1,6,20,Starbucks
Tazo Tea Drinks,Tazo Green Tea Latte,170,4,95,0,7,25,Starbucks
Tazo Tea Drinks,Tazo Green Tea Latte,210,0.4,125,1,11,41,Starbucks
Tazo Tea Drinks,Tazo Green Tea Latte,230,4.5,110,2,9,33,Starbucks
Tazo Tea Drinks,Tazo Green Tea Latte,260,6,140,1,10,40,Starbucks
Tazo Tea Drinks,Tazo Green Tea Latte,290,0.5,160,1,14,56,Starbucks
Tazo Tea Drinks,Tazo Green Tea Latte,310,6,140,3,11,46,Starbucks
Tazo Tea Drinks,Tazo Green Tea Latte,350,8,180,1,14,55,Starbucks
Tazo Tea Drinks,Tazo Green Tea Latte,370,0.5,200,2,18,71,Starbucks
Tazo Tea Drinks,Tazo Green Tea Latte,390,8,180,4,14,58,Starbucks
Tazo Tea Drinks,Tazo Green Tea Latte,450,10,230,2,17,71,Starbucks
Tazo Tea Drinks,Tazo Tea,0,0,0,0,0,0,Starbucks
Tazo Tea Drinks,Tazo Tea,0,0,0,0,0,0,Starbucks
Tazo Tea Drinks,Tazo Tea,0,0,0,0,0,0,Starbucks
Tazo Tea Drinks,Tazo Tea,0,0,0,0,0,0,Starbucks
