category,item,calories,fat_g,saturated_fat_g,trans_fat_g,cholesterol_mg,sodium_mg,carb_g,fiber_g,sugars_g,protein_g,weight_watcher_points,item_type,size
Cold Brew Coffee,"Cold Brew Coffee, Large",5,0,0,0,0,20,0,0,0,1,4,drink,large
Cold Brew Coffee,"Cold Brew Coffee, Medium",5,0,0,0,0,15,0,0,0,0,5,drink,medium
Cold Brew Coffee,"Cold Brew Coffee, Small",5,0,0,0,0,10,0,0,0,0,5,drink,small
Cold Brew Coffee,"Cold Brew Coffee with Cream, Large",120,12,6,0,35,65,2,0,2,2,126,drink,large
Cold Brew Coffee,"Cold Brew Coffee with Cream, Medium",90,9,4.5,0,25,45,1,0,1,2,93.5,drink,medium
Cold Brew Coffee,"Cold Brew Coffee with Cream, Small",60,6,3,0,20,30,1,0,1,1,63,drink,small
Cold Brew Coffee,"Cold Brew Coffee with Cream and Sugar, Large",260,12,6,0,35,65,37,0,36,2,300,drink,large
Cold Brew Coffee,"Cold Brew Coffee with Cream and Sugar, Medium",190,9,4.5,0,25,45,27,0,27,2,219.5,drink,medium
Cold Brew Coffee,"Cold Brew Coffee with Cream and Sugar, Small",130,6,3,0,20,30,18,0,18,1,150,drink,small
Cold Brew Coffee,"Nitro Cold Brew Coffee, Medium",5,0,0,0,0,10,0,0,0,1,4,drink,medium
Cold Brew Coffee,"Nitro Cold Brew Coffee, Small",5,0,0,0,0,5,0,0,0,0,5,drink,small
Coolatta,"Blue Raspberry Coolatta, Large",460,0,0,0,0,60,112,0,110,0,570,drink,large
Coolatta,"Blue Raspberry Coolatta, Medium",350,0,0,0,0,45,84,0,83,0,433,drink,medium
Coolatta,"Blue Raspberry Coolatta, Small",230,0,0,0,0,30,56,0,55,0,285,drink,small
Coolatta,"Vanilla Bean Coolatta, Large",790,6,3.5,0,20,320,172,0,167,10,950.5,drink,large
Coolatta,"Vanilla Bean Coolatta, Medium",590,4.5,2.5,0,15,240,129,0,125,7,710.5,drink,medium
Coolatta,"Vanilla Bean Coolatta, Small",390,3,1.5,0,10,160,86,0,83,5,469.5,drink,small
Coolatta,"Pineapple Coolatta, Large",460,0,0,0,0,45,113,0,107,0,567,drink,large
Coolatta,"Pineapple Coolatta, Medium",340,0,0,0,0,30,85,0,80,0,420,drink,medium
Coolatta,"Pineapple Coolatta, Small",230,0,0,0,0,20,56,0,53,0,283,drink,small
Frozen Coffee,"Caramel Swirl Frozen Coffee with Cream, Large",1120,40,22,1.5,130,290,180,0,172,10,1304,drink,large
Frozen Coffee,"Caramel Swirl Frozen Coffee with Cream, Medium",860,31,17,1,100,220,139,0,132,8,1001,drink,medium
Frozen Coffee,"Caramel Swirl Frozen Coffee with Cream, Small",610,22,12,0.5,70,160,97,0,92,6,708,drink,small
Frozen Coffee,"Caramel Swirl Frozen Coffee with Skim Milk, Large",830,5,3.5,0,25,240,184,0,176,11,998.5,drink,large
Frozen Coffee,"Caramel Swirl Frozen Coffee with Skim Milk, Medium",650,4.5,3,0,25,180,142,0,135,9,779,drink,medium
Frozen Coffee,"Caramel Swirl Frozen Coffee with Skim Milk, Small",470,4.5,3,0,20,130,99,0,94,6,561,drink,small
Frozen Coffee,"Caramel Swirl Frozen Coffee with Whole Milk, Large",880,11,7,0,40,240,184,0,175,11,1051,drink,large
Frozen Coffee,"Caramel Swirl Frozen Coffee with Whole Milk, Medium",680,9,6,0,35,180,141,0,134,8,812,drink,medium
Frozen Coffee,"Caramel Swirl Frozen Coffee with Whole Milk, Small",490,8,4.5,0,30,130,99,0,94,6,582.5,drink,small
Frozen Coffee,"French Vanilla Swirl Frozen Coffee with Cream, Large",1110,40,22,1.5,130,280,180,0,169,10,1291,drink,large
Frozen Coffee,"French Vanilla Swirl Frozen Coffee with Cream, Medium",860,31,17,1,100,220,138,0,130,8,999,drink,medium
Frozen Coffee,"French Vanilla Swirl Frozen Coffee with Cream, Small",610,22,12,0.5,70,150,97,0,91,6,707,drink,small
Frozen Coffee,"French Vanilla Swirl Frozen Coffee with Skim Milk, Large",830,5,3.5,0,25,230,184,0,173,11,995.5,drink,large
Frozen Coffee,"French Vanilla Swirl Frozen Coffee with Skim Milk, Medium",640,4.5,3,0,20,180,141,0,133,9,767,drink,medium
Frozen Coffee,"French Vanilla Swirl Frozen Coffee with Skim Milk, Small",460,4.5,3,0,20,125,99,0,93,6,550,drink,small
Frozen Coffee,"French Vanilla Swirl Frozen Coffee with Whole Milk, Large",880,11,7,0,40,230,183,0,173,11,1049,drink,large
Frozen Coffee,"French Vanilla Swirl Frozen Coffee with Whole Milk, Medium",680,9,6,0,35,180,141,0,132,8,810,drink,medium
Frozen Coffee,"French Vanilla Swirl Frozen Coffee with Whole Milk, Small",490,8,4.5,0,30,125,99,0,92,6,580.5,drink,small
Frozen Coffee,"Frozen Coffee with Cream, Large",780,35,18,1,105,200,113,0,108,7,899,drink,large
Frozen Coffee,"Frozen Coffee with Cream, Medium",590,26,14,1,80,150,85,0,81,5,680,drink,medium
Frozen Coffee,"Frozen Coffee with Cream, Small",390,17,9,0.5,55,100,57,0,54,3,450,drink,small
Frozen Coffee,"Frozen Coffee with Skim Milk, Large",500,0,0,0,NA,150,117,0,112,8,604,drink,large
Frozen Coffee,"Frozen Coffee with Skim Milk, Medium",370,0,0,0,NA,115,88,0,84,6,448,drink,medium
Frozen Coffee,"Frozen Coffee with Skim Milk, Small",250,0,0,0,0,75,59,0,56,4,302,drink,small
Frozen Coffee,"Frozen Coffee with Whole Milk, Large",550,6,3.5,0,20,150,117,0,111,7,657.5,drink,large
Frozen Coffee,"Frozen Coffee with Whole Milk, Medium",410,4.5,2.5,0,15,115,88,0,84,5,491.5,drink,medium
Frozen Coffee,"Frozen Dunkaccino, Large",930,22,15,0,40,350,177,3,159,10,1094,drink,large
Frozen Coffee,"Frozen Dunkaccino, Medium",710,17,12,0,35,260,134,3,119,8,833,drink,medium
Frozen Coffee,"Frozen Dunkaccino, Small",510,13,9,0,25,180,94,2,83,5,597,drink,small
Frozen Coffee,"Frozen Vanilla Chai/Vanilla Spice, Large",790,14,10,0,20,240,160,0,151,9,942,drink,large
Frozen Coffee,"Frozen Vanilla Chai/Vanilla Spice, Medium",590,10,7,0,15,180,120,0,113,7,703,drink,medium
Frozen Coffee,"Frozen Vanilla Chai/Vanilla Spice, Small",400,7,5,0,10,120,80,0,75,4,476,drink,small
Frozen Coffee,Limited Time Productsâ Frozen Coffee,NA,NA,NA,NA,NA,NA,NA,NA,NA,NA,NA,drink,not applicable
Frozen Coffee,"Butter Pecan Swirl Frozen Coffee with Cream, Large",1160,40,22,1.5,125,480,191,0,181,11,1352,drink,large
Frozen Coffee,"Butter Pecan Swirl Frozen Coffee with Cream, Medium",890,31,17,1,100,370,147,0,139,8,1038,drink,medium
Frozen Coffee,"Butter Pecan Swirl Frozen Coffee with Cream, Small",630,22,12,0.5,70,250,103,0,97,6,733,drink,small
Frozen Coffee,"Butter Pecan Swirl Frozen Coffee with Skim Milk, Large",880,5,3.5,0,25,430,195,0,185,12,1056.5,drink,large
Frozen Coffee,"Butter Pecan Swirl Frozen Coffee with Skim Milk, Medium",680,5,3,0,20,330,150,0,142,9,816,drink,medium
Frozen Coffee,"Butter Pecan Swirl Frozen Coffee with Skim Milk, Small",490,4.5,3,0,20,220,105,0,99,6,586,drink,small
Frozen Coffee,"Butter Pecan Swirl Frozen Coffee with Whole Milk, Large",930,11,7,0,40,430,195,0,185,11,1111,drink,large
Frozen Coffee,"Butter Pecan Swirl Frozen Coffee with Whole Milk, Medium",720,9,6,0,30,330,150,0,142,9,859,drink,medium
Frozen Coffee,"Butter Pecan Swirl Frozen Coffee with Whole Milk, Small",510,8,4.5,0,25,220,105,0,98,6,606.5,drink,small
Frozen Coffee,"Limited Time Products, Frozen Specialty",NA,NA,NA,NA,NA,NA,NA,NA,NA,NA,NA,drink,not applicable
Frozen Coffee,"Frozen Matcha Latte with Skim Milk, Large",480,0,0,0,NA,95,111,2,109,8,581,drink,large
Frozen Coffee,"Frozen Matcha Latte with Skim Milk, Medium",360,0,0,0,NA,70,83,1,82,6,436,drink,medium
Frozen Coffee,"Frozen Matcha Latte with Skim Milk, Small",240,0,0,0,0,50,55,1,54,4,290,drink,small
Frozen Coffee,"Frozen Matcha Latte with Whole Milk, Large",530,6,3.5,0,20,95,110,2,109,8,634.5,drink,large
Frozen Coffee,"Frozen Matcha Latte with Whole Milk, Medium",390,4.5,2.5,0,15,75,83,1,81,6,467.5,drink,medium
Frozen Coffee,"Frozen Matcha Latte with Whole Milk, Small",260,3,1.5,0,10,50,55,1,54,4,311.5,drink,small
Hot Americano,"Americano, Large",10,0,0,0,0,30,2,0,0,0,10,drink,large
Hot Americano,"Americano, Medium",10,0,0,0,0,25,2,0,0,0,10,drink,medium
Hot Americano,"Americano, Small",5,0,0,0,0,15,1,0,0,0,5,drink,small
Hot Cappuccino,"Cappuccino with Skim Milk, Large",90,0,0,0,NA,115,13,0,12,8,94,drink,large
Hot Cappuccino,"Cappuccino with Skim Milk, Medium",70,0,0,0,NA,85,10,0,9,6,73,drink,medium
Hot Cappuccino,"Cappuccino with Skim Milk, Small",45,0,0,0,0,55,7,0,6,4,47,drink,small
Hot Cappuccino,"Cappuccino with Skim Milk and Sugar, Large",230,0,0,0,NA,115,48,0,47,8,269,drink,large
Hot Cappuccino,"Cappuccino with Skim Milk and Sugar, Medium",170,0,0,0,NA,85,36,0,35,6,199,drink,medium
Hot Cappuccino,"Cappuccino with Skim Milk and Sugar, Small",110,0,0,0,0,55,24,0,23,4,129,drink,small
Hot Cappuccino,"Cappuccino with Whole Milk, Large",160,8,4.5,0,25,115,13,0,12,8,168.5,drink,large
Hot Cappuccino,"Cappuccino with Whole Milk, Medium",120,6,3.5,0,20,85,10,0,9,6,126.5,drink,medium
Hot Cappuccino,"Cappuccino with Whole Milk, Small",80,4,2.5,0,10,60,7,0,6,4,84.5,drink,small
Hot Cappuccino,"Cappuccino with Whole Milk and Sugar, Large",290,8,4.5,0,25,115,48,0,46,8,332.5,drink,large
Hot Cappuccino,"Cappuccino with Whole Milk and Sugar, Medium",220,6,3.5,0,20,85,36,0,35,6,252.5,drink,medium
Hot Cappuccino,"Cappuccino with Whole Milk and Sugar, Small",150,4,2.5,0,10,60,24,0,23,4,171.5,drink,small
Hot Cappuccino,"Caramel Swirl Hot Cappuccino with Skim Milk, Large",310,0,0,0,10,180,65,0,63,11,362,drink,large
Hot Cappuccino,"Caramel Swirl Hot Cappuccino with Skim Milk, Medium",230,0,0,0,NA,135,49,0,47,8,269,drink,medium
Hot Cappuccino,"Caramel Swirl Hot Cappuccino with Skim Milk, Small",160,0,0,0,NA,90,33,0,32,6,186,drink,small
Hot Cappuccino,"Caramel Swirl Hot Cappuccino with Whole Milk, Large",380,8,4.5,0,30,180,65,0,63,11,436.5,drink,large
Hot Cappuccino,"Caramel Swirl Hot Cappuccino with Whole Milk, Medium",280,6,3.5,0,20,135,48,0,47,8,322.5,drink,medium
Hot Cappuccino,"Caramel Swirl Hot Cappuccino with Whole Milk, Small",190,4,2.5,0,15,90,32,0,31,5,218.5,drink,small
Hot Cappuccino,"French Vanilla Swirl Hot Cappuccino with Skim Milk, Large",310,0,0,0,10,170,65,0,61,11,360,drink,large
Hot Cappuccino,"French Vanilla Swirl Hot Cappuccino with Skim Milk, Medium",230,0,0,0,NA,130,48,0,46,8,268,drink,medium
Hot Cappuccino,"French Vanilla Swirl Hot Cappuccino with Skim Milk, Small",150,0,0,0,NA,85,32,0,30,5,175,drink,small
Hot Cappuccino,"French Vanilla Swirl Hot Cappuccino with Whole Milk, Large",370,8,4.5,0,30,170,64,0,60,10,424.5,drink,large
Hot Cappuccino,"French Vanilla Swirl Hot Cappuccino with Whole Milk, Medium",280,6,3.5,0,20,130,48,0,45,8,320.5,drink,medium
Hot Cappuccino,"French Vanilla Swirl Hot Cappuccino with Whole Milk, Small",190,4,2.5,0,15,85,32,0,30,5,217.5,drink,small
Hot Cappuccino,"Hazelnut Swirl Hot Cappuccino with Skim Milk, Large",310,0,0,0,10,170,65,0,61,11,360,drink,large
Hot Cappuccino,"Hazelnut Swirl Hot Cappuccino with Skim Milk, Medium",230,0,0,0,NA,130,49,0,46,8,268,drink,medium
Hot Cappuccino,"Hazelnut Swirl Hot Cappuccino with Skim Milk, Small",150,0,0,0,NA,85,32,0,30,5,175,drink,small
Hot Cappuccino,"Hazelnut Swirl Hot Cappuccino with Whole Milk, Large",370,8,4.5,0,30,170,64,0,60,10,424.5,drink,large
Hot Cappuccino,"Hazelnut Swirl Hot Cappuccino with Whole Milk, Medium",280,6,3.5,0,20,130,48,0,45,8,320.5,drink,medium
Hot Cappuccino,"Hazelnut Swirl Hot Cappuccino with Whole Milk, Small",190,4,2.5,0,15,85,32,0,30,5,217.5,drink,small
Hot Cappuccino,"Mocha Swirl Hot Cappuccino with Skim Milk, Large",300,1,0.5,0,NA,140,64,2,58,10,348.5,drink,large
Hot Cappuccino,"Mocha Swirl Hot Cappuccino with Skim Milk, Medium",220,1,0.5,0,NA,105,48,2,43,7,256.5,drink,medium
Hot Cappuccino,"Mocha Swirl Hot Cappuccino with Skim Milk, Small",150,0.5,0,0,0,70,32,1,29,5,174,drink,small
Hot Cappuccino,"Mocha Swirl Hot Cappuccino with Whole Milk, Large",360,9,5,0,25,140,63,2,57,9,413,drink,large
Hot Cappuccino,"Mocha Swirl Hot Cappuccino with Whole Milk, Medium",270,7,4,0,20,110,48,2,43,7,310,drink,medium
Hot Cappuccino,"Mocha Swirl Hot Cappuccino with Whole Milk, Small",180,4.5,2.5,0,10,70,32,1,29,5,206.5,drink,small
Hot Cappuccino,Limited Time Products Hot Cappuccino,NA,NA,NA,NA,NA,NA,NA,NA,NA,NA,NA,drink,not applicable
Hot Cappuccino,"Butter Pecan Swirl Hot Cappuccino with Skim Milk, Large",310,0,0,0,NA,370,64,0,60,11,359,drink,large
Hot Cappuccino,"Butter Pecan Swirl Hot Cappuccino with Skim Milk, Medium",230,0,0,0,NA,280,48,0,45,9,266,drink,medium
Hot Cappuccino,"Butter Pecan Swirl Hot Cappuccino with Skim Milk, Small",150,0,0,0,NA,190,32,0,30,6,174,drink,small
Hot Cappuccino,"Butter Pecan Swirl Hot Cappuccino with Whole Milk, Large",370,8,4.5,0,25,370,63,0,60,11,423.5,drink,large
Hot Cappuccino,"Butter Pecan Swirl Hot Cappuccino with Whole Milk, Medium",280,6,3.5,0,20,280,47,0,45,8,320.5,drink,medium
Hot Cappuccino,"Butter Pecan Swirl Hot Cappuccino with Whole Milk, Small",190,4,2.5,0,15,190,32,0,30,5,217.5,drink,small
Hot Chocolate,"Box of Joe, Hot Chocolate",220,7,6,0,0,210,40,2,32,2,256,drink,not applicable
Hot Chocolate,"Dunkaccino, Extra Large",540,23,19,0,10,510,80,1,58,4,613,drink,large
Hot Chocolate,"Dunkaccino, Large",490,21,17,0,10,470,73,1,53,4,556,drink,large
Hot Chocolate,"Dunkaccino, Medium",350,15,12,0,NA,340,52,1,38,3,397,drink,medium
Hot Chocolate,"Dunkaccino, Small",240,10,8,0,NA,230,36,0,26,2,272,drink,small
Hot Chocolate,"French Vanilla Dunkaccino, Extra Large",570,26,21,0,10,570,86,1,62,4,649,drink,large
Hot Chocolate,"French Vanilla Dunkaccino, Large",470,21,17,0,10,460,70,1,50,3,534,drink,large
Hot Chocolate,"French Vanilla Dunkaccino, Medium",350,16,13,0,NA,350,53,1,38,2,399,drink,medium
Hot Chocolate,"French Vanilla Dunkaccino, Small",230,10,8,0,NA,230,35,0,25,2,261,drink,small
Hot Chocolate,"Hot Chocolate with Espresso Shot, Large",400,12,11,0,0,390,71,3,55,3,463,drink,large
Hot Chocolate,"Hot Chocolate with Espresso Shot, Medium",280,9,8,0,0,280,51,2,39,2,325,drink,medium
Hot Chocolate,"Hot Chocolate with Espresso Shot, Small",190,6,5,0,0,190,35,1,27,2,220,drink,small
Hot Chocolate,"Mint Hot Chocolate, Extra Large",490,16,14,0,0,430,87,3,70,3,571,drink,large
Hot Chocolate,"Mint Hot Chocolate, Large",400,13,12,0,0,350,72,3,57,3,466,drink,large
Hot Chocolate,"Mint Hot Chocolate, Medium",300,10,9,0,0,260,52,2,42,2,349,drink,medium
Hot Chocolate,"Mint Hot Chocolate, Small",210,7,6,0,0,180,36,1,29,1,244,drink,small
Hot Chocolate,"OREO Hot Chocolate, Extra Large",580,13,10,0,0,630,110,4,88,7,671,drink,large
Hot Chocolate,"OREO Hot Chocolate, Large",460,10,8,0,0,500,88,3,70,6,532,drink,large
Hot Chocolate,"OREO Hot Chocolate, Medium",350,8,6,0,0,380,66,2,53,4,405,drink,medium
Hot Chocolate,"OREO Hot Chocolate, Small",230,5,4,0,0,250,44,1,35,3,266,drink,small
Hot Chocolate,"Original Hot Chocolate, Extra Large",500,15,14,0,0,480,89,3,71,4,581,drink,large
Hot Chocolate,"Original Hot Chocolate, Large",460,14,13,0,0,440,82,3,65,4,534,drink,large
Hot Chocolate,"Original Hot Chocolate, Medium",330,10,9,0,0,320,59,2,46,3,382,drink,medium
Hot Chocolate,"Original Hot Chocolate, Small",220,7,6,0,0,210,40,2,32,2,256,drink,small
Hot Chocolate,"Salted Caramel Hot Chocolate, Extra Large",510,17,15,0,0,750,87,2,69,5,589,drink,large
Hot Chocolate,"Salted Caramel Hot Chocolate, Large",420,14,13,0,0,620,71,2,57,4,486,drink,large
Hot Chocolate,"Salted Caramel Hot Chocolate, Medium",310,10,9,0,0,450,52,1,42,3,358,drink,medium
Hot Chocolate,"Salted Caramel Hot Chocolate, Small",210,7,6,0,0,320,36,1,29,2,243,drink,small
Hot Coffee,Box of Joe,5,0,0,0,0,5,0,0,0,0,5,drink,not applicable
Hot Coffee,"Cafe Au Lait with Skim Milk, Large",90,0,0,0,NA,110,12,0,12,9,93,drink,large
Hot Coffee,"Cafe Au Lait with Skim Milk, Medium",70,0,0,0,NA,80,9,0,9,7,72,drink,medium
Hot Coffee,"Cafe Au Lait with Skim Milk, Small",45,0,0,0,0,55,6,0,6,4,47,drink,small
Hot Coffee,"Cafe Au Lait with Whole Milk, Large",150,8,4.5,0,25,110,12,0,12,8,158.5,drink,large
Hot Coffee,"Cafe Au Lait with Whole Milk, Medium",110,6,3.5,0,20,85,9,0,9,6,116.5,drink,medium
Hot Coffee,"Cafe Au Lait with Whole Milk, Small",80,4,2.5,0,10,55,6,0,6,4,84.5,drink,small
Hot Coffee,"Caramel Swirl Hot Coffee with Black, Extra Large",280,0,0,0,NA,95,64,0,64,4,340,drink,large
Hot Coffee,"Caramel Swirl Hot Coffee with Black, Large",230,0,0,0,NA,75,52,0,51,3,278,drink,large
Hot Coffee,"Caramel Swirl Hot Coffee with Black, Medium",170,0,0,0,NA,60,39,0,38,3,205,drink,medium
Hot Coffee,"Caramel Swirl Hot Coffee with Black, Small",110,0,0,0,0,40,26,0,26,2,134,drink,small
Hot Coffee,"Caramel Swirl Hot Coffee with Cream, Extra Large",420,15,8,0,50,150,67,0,66,6,488,drink,large
Hot Coffee,"Caramel Swirl Hot Coffee with Cream, Large",340,12,6,0,40,120,53,0,53,5,394,drink,large
Hot Coffee,"Caramel Swirl Hot Coffee with Cream, Medium",260,9,4.5,0,30,90,40,0,40,4,300.5,drink,medium
Hot Coffee,"Caramel Swirl Hot Coffee with Cream, Small",170,6,3,0,20,60,27,0,26,3,196,drink,small
Hot Coffee,"French Vanilla Swirl Hot Coffee, Large",220,0,0,0,NA,70,51,0,49,3,266,drink,large
Hot Coffee,"French Vanilla Swirl Hot Coffee, Medium",170,0,0,0,NA,50,38,0,37,2,205,drink,medium
Hot Coffee,"French Vanilla Swirl Hot Coffee, Small",110,0,0,0,0,35,26,0,24,2,132,drink,small
Hot Coffee,"French Vanilla Swirl Hot Coffee with Cream, Extra Large",420,15,8,0,50,135,66,0,63,6,485,drink,large
Hot Coffee,"French Vanilla Swirl Hot Coffee with Cream, Large",340,12,6,0,40,110,53,0,50,5,391,drink,large
Hot Coffee,"French Vanilla Swirl Hot Coffee with Cream, Medium",250,9,4.5,0,30,85,40,0,38,4,288.5,drink,medium
Hot Coffee,"French Vanilla Swirl Hot Coffee with Cream, Small",170,6,3,0,20,55,26,0,25,2,196,drink,small
Hot Coffee,"Hazelnut Swirl Hot Coffee, Extra Large",280,0,0,0,NA,85,64,0,61,4,337,drink,large
Hot Coffee,"Hazelnut Swirl Hot Coffee, Large",220,0,0,0,NA,70,51,0,49,3,266,drink,large
Hot Coffee,"Hazelnut Swirl Hot Coffee, Medium",170,0,0,0,NA,50,38,0,37,2,205,drink,medium
Hot Coffee,"Hazelnut Swirl Hot Coffee, Small",110,0,0,0,0,35,26,0,24,2,132,drink,small
Hot Coffee,"Hazelnut Swirl Hot Coffee with Cream, Extra Large",420,15,8,0,50,135,66,0,63,6,485,drink,large
Hot Coffee,"Hazelnut Swirl Hot Coffee with Cream, Large",340,12,6,0,40,110,53,0,50,5,391,drink,large
Hot Coffee,"Hazelnut Swirl Hot Coffee with Cream, Medium",250,9,4.5,0,30,85,40,0,38,4,288.5,drink,medium
Hot Coffee,"Hazelnut Swirl Hot Coffee with Cream, Small",170,6,3,0,20,55,27,0,25,2,196,drink,small
Hot Coffee,"Hot Coffee, Extra Large",5,0,0,0,0,15,0,0,0,1,4,drink,large
Hot Coffee,"Hot Coffee, Large",5,0,0,0,0,10,0,0,0,1,4,drink,large
Hot Coffee,"Hot Coffee, Medium",5,0,0,0,0,10,0,0,0,1,4,drink,medium
Hot Coffee,"Hot Coffee, Small",5,0,0,0,0,5,0,0,0,0,5,drink,small
Hot Coffee,"Hot Coffee with Almond Milk, Extra Large",45,1.5,0,0,0,85,7,0,7,1,51,drink,large
Hot Coffee,"Hot Coffee with Almond Milk, Large",35,1,0,0,0,65,5,0,5,1,39,drink,large
Hot Coffee,"Hot Coffee with Almond Milk, Medium",25,0.5,0,0,0,45,4,0,3,1,27,drink,medium
Hot Coffee,"Hot Coffee with Almond Milk, Small",15,0,0,0,0,25,2,0,2,0,17,drink,small
Hot Coffee,"Hot Coffee with Cream, Extra Large",150,15,8,0,45,65,2,0,2,3,157,drink,large
Hot Coffee,"Hot Coffee with Cream, Large",120,12,6,0,35,55,2,0,2,2,126,drink,large
Hot Coffee,"Hot Coffee with Cream, Medium",90,9,4.5,0,25,40,1,0,1,2,93.5,drink,medium
Hot Coffee,"Hot Coffee with Cream, Small",60,6,3,0,20,30,1,0,1,1,63,drink,small
Hot Coffee,"Hot Coffee with Cream and Sugar, Extra Large",320,15,8,0,45,65,46,0,46,3,371,drink,large
Hot Coffee,"Hot Coffee with Cream and Sugar, Large",250,12,6,0,35,55,37,0,36,2,290,drink,large
Hot Coffee,"Hot Coffee with Cream and Sugar, Medium",190,9,4.5,0,25,40,27,0,27,2,219.5,drink,medium
Hot Coffee,"Hot Coffee with Cream and Sugar, Small",130,6,3,0,20,30,18,0,18,1,150,drink,small
Hot Coffee,"Hot Coffee with Skim Milk, Extra Large",30,0,0,0,0,45,4,0,4,3,31,drink,large
Hot Coffee,"Hot Coffee with Skim Milk, Large",25,0,0,0,0,35,3,0,3,3,25,drink,large
Hot Coffee,"Hot Coffee with Skim Milk, Medium",20,0,0,0,0,25,2,0,2,2,20,drink,medium
Hot Coffee,"Hot Coffee with Skim Milk, Small",15,0,0,0,0,20,2,0,2,1,16,drink,small
Hot Coffee,"Hot Coffee with Skim Milk and Sugar, Extra Large",200,0,0,0,0,45,47,0,47,3,244,drink,large
Hot Coffee,"Hot Coffee with Skim Milk and Sugar, Large",160,0,0,0,0,35,38,0,38,3,195,drink,large
Hot Coffee,"Hot Coffee with Skim Milk and Sugar, Medium",120,0,0,0,0,25,28,0,28,2,146,drink,medium
Hot Coffee,"Hot Coffee with Skim Milk and Sugar, Small",80,0,0,0,0,20,19,0,19,1,98,drink,small
Hot Coffee,"Hot Coffee with Sugar, Extra Large",170,0,0,0,0,15,44,0,43,1,212,drink,large
Hot Coffee,"Hot Coffee with Sugar, Large",140,0,0,0,0,10,35,0,35,1,174,drink,large
Hot Coffee,"Hot Coffee with Sugar, Medium",110,0,0,0,0,10,26,0,26,1,135,drink,medium
Hot Coffee,"Hot Coffee with Sugar, Small",70,0,0,0,0,5,17,0,17,0,87,drink,small
Hot Coffee,"Hot Coffee with Whole Milk, Extra Large",50,2.5,1.5,0,10,45,4,0,4,3,52.5,drink,large
Hot Coffee,"Hot Coffee with Whole Milk, Large",40,2,1,0,NA,35,3,0,3,2,42,drink,large
Hot Coffee,"Hot Coffee with Whole Milk, Medium",30,1.5,1,0,NA,25,2,0,2,2,31,drink,medium
Hot Coffee,"Hot Coffee with Whole Milk, Small",20,1,0.5,0,NA,20,1,0,1,1,20.5,drink,small
Hot Coffee,"Hot Coffee with Whole Milk and Sugar, Extra Large",220,2.5,1.5,0,10,45,47,0,47,3,265.5,drink,large
Hot Coffee,"Hot Coffee with Whole Milk and Sugar, Large",190,2,1,0,NA,35,42,0,42,2,231,drink,large
Hot Coffee,"Hot Coffee with Whole Milk and Sugar, Medium",130,1.5,1,0,NA,30,28,0,28,2,157,drink,medium
Hot Coffee,"Hot Coffee with Whole Milk and Sugar, Small",90,1,0.5,0,NA,20,19,0,19,1,108.5,drink,small
Hot Coffee,"Mocha Swirl Hot Coffee, Extra Large",260,1,0.5,0,0,45,63,3,57,3,314.5,drink,large
Hot Coffee,"Mocha Swirl Hot Coffee, Large",210,1,0,0,0,40,50,2,46,2,254,drink,large
Hot Coffee,"Mocha Swirl Hot Coffee, Medium",160,0.5,0,0,0,30,38,2,34,2,192,drink,medium
Hot Coffee,"Mocha Swirl Hot Coffee, Small",110,0,0,0,0,20,25,1,23,1,132,drink,small
Hot Coffee,"Mocha Swirl Hot Coffee with Cream, Extra Large",410,15,8,0,45,100,65,3,59,5,472,drink,large
Hot Coffee,"Mocha Swirl Hot Coffee with Cream, Large",330,12,7,0,35,80,52,2,47,4,380,drink,large
Hot Coffee,"Mocha Swirl Hot Coffee with Cream, Medium",240,9,5,0,25,60,39,2,35,3,277,drink,medium
Hot Coffee,"Mocha Swirl Hot Coffee with Cream, Small",160,6,3.5,0,20,40,26,1,24,2,185.5,drink,small
Hot Coffee,"Cafe con Leche, Large",340,12,7,0,35,170,47,0,46,12,381,drink,large
Hot Coffee,"Cafe con Leche, Medium",250,9,5,0,25,125,35,0,34,9,280,drink,medium
Hot Coffee,"Cafe con Leche, Small",170,6,3.5,0,20,85,23,0,23,6,190.5,drink,small
Hot Coffee,Cortadito,80,1,0.5,0,NA,20,16,0,16,1,95.5,drink,not applicable
Hot Coffee,Espresso with Sugar,60,0,0,0,0,5,15,0,14,0,74,drink,not applicable
Hot Coffee,Hot Espresso,5,0,0,0,0,5,1,0,0,0,5,drink,not applicable
Hot Coffee,"Butter Pecan Swirl Hot Coffee with Black, Extra Large",270,0,0,0,0,330,63,0,60,5,325,drink,large
Hot Coffee,"Butter Pecan Swirl Hot Coffee with Black, Large",220,0,0,0,0,270,50,0,48,4,264,drink,large
Hot Coffee,"Butter Pecan Swirl Hot Coffee with Black, Medium",170,0,0,0,0,200,38,0,36,3,203,drink,medium
Hot Coffee,"Butter Pecan Swirl Hot Coffee with Black, Small",110,0,0,0,0,135,25,0,24,2,132,drink,small
Hot Coffee,"Butter Pecan Swirl Hot Coffee with Cream, Extra Large",420,15,8,0,45,390,65,0,62,7,483,drink,large
Hot Coffee,"Butter Pecan Swirl Hot Coffee with Cream, Large",330,12,6,0,35,310,52,0,50,5,381,drink,large
Hot Coffee,"Butter Pecan Swirl Hot Coffee with Cream, Medium",250,9,4.5,0,30,230,39,0,37,4,287.5,drink,medium
Hot Coffee,"Butter Pecan Swirl Hot Coffee with Cream, Small",170,6,3,0,20,160,26,0,25,3,195,drink,small
Hot Latte,"Caramel Craze Signature Hot Latte with Skim Milk, Large",440,6,3.5,0,30,240,80,0,75,16,502.5,drink,large
Hot Latte,"Caramel Craze Signature Hot Latte with Skim Milk, Medium",340,5,3,0,25,180,61,0,57,12,388,drink,medium
Hot Latte,"Caramel Craze Signature Hot Latte with Skim Milk, Small",250,5,3,0,20,125,43,0,40,8,285,drink,small
Hot Latte,"Caramel Craze Signature Hot Latte with Whole Milk, Large",530,17,10,0.5,60,250,79,0,74,15,599,drink,large
Hot Latte,"Caramel Craze Signature Hot Latte with Whole Milk, Medium",410,14,8,0,45,190,61,0,57,11,464,drink,medium
Hot Latte,"Caramel Craze Signature Hot Latte with Whole Milk, Small",300,11,6,0,35,130,43,0,39,8,337,drink,small
Hot Latte,"Caramel Swirl Hot Latte with Skim Milk, Large",350,0,0,0,10,230,71,0,69,15,404,drink,large
Hot Latte,"Caramel Swirl Hot Latte with Skim Milk, Medium",260,0,0,0,10,170,53,0,52,11,301,drink,medium
Hot Latte,"Caramel Swirl Hot Latte with Skim Milk, Small",180,0,0,0,NA,115,36,0,35,8,207,drink,small
Hot Latte,"Caramel Swirl Hot Latte with Whole Milk, Large",450,12,7,0,40,240,70,0,69,14,512,drink,large
Hot Latte,"Caramel Swirl Hot Latte with Whole Milk, Medium",340,9,5,0,30,180,53,0,52,11,386,drink,medium
Hot Latte,"Caramel Swirl Hot Latte with Whole Milk, Small",230,6,3.5,0,20,120,35,0,34,7,260.5,drink,small
Hot Latte,"Cocoa Mocha Signature Hot Latte with Skim Milk, Large",420,6,4,0,25,210,79,2,69,15,478,drink,large
Hot Latte,"Cocoa Mocha Signature Hot Latte with Skim Milk, Medium",330,6,3.5,0,20,160,61,2,53,11,375.5,drink,medium
Hot Latte,"Cocoa Mocha Signature Hot Latte with Skim Milk, Small",250,5,3.5,0,20,110,43,1,37,8,282.5,drink,small
Hot Latte,"Cocoa Mocha Signature Hot Latte with Whole Milk, Large",520,18,11,0.5,55,210,78,2,68,14,585,drink,large
Hot Latte,"Cocoa Mocha Signature Hot Latte with Whole Milk, Medium",400,14,9,0,45,160,60,2,52,10,451,drink,medium
Hot Latte,"Cocoa Mocha Signature Hot Latte with Whole Milk, Small",300,11,7,0,35,110,43,1,36,7,336,drink,small
Hot Latte,"French Vanilla Swirl Hot Latte with Skim Milk, Large",350,0,0,0,10,220,71,0,67,15,402,drink,large
Hot Latte,"French Vanilla Swirl Hot Latte with Skim Milk, Medium",260,0,0,0,10,170,53,0,50,11,299,drink,medium
Hot Latte,"French Vanilla Swirl Hot Latte with Skim Milk, Small",170,0,0,0,NA,110,35,0,33,7,196,drink,small
Hot Latte,"French Vanilla Swirl Hot Latte with Whole Milk, Large",450,12,7,0,40,230,70,0,66,14,509,drink,large
Hot Latte,"French Vanilla Swirl Hot Latte with Whole Milk, Medium",330,9,5,0,30,170,52,0,50,11,374,drink,medium
Hot Latte,"French Vanilla Swirl Hot Latte with Whole Milk, Small",220,6,3.5,0,20,115,35,0,33,7,249.5,drink,small
Hot Latte,"Hazelnut Swirl Hot Latte with Skim Milk, Large",350,0,0,0,10,220,71,0,67,15,402,drink,large
Hot Latte,"Hazelnut Swirl Hot Latte with Skim Milk, Medium",260,0,0,0,10,170,53,0,50,11,299,drink,medium
Hot Latte,"Hazelnut Swirl Hot Latte with Skim Milk, Small",170,0,0,0,NA,110,35,0,33,7,196,drink,small
Hot Latte,"Hazelnut Swirl Hot Latte with Whole Milk, Large",450,12,7,0,40,230,70,0,66,14,509,drink,large
Hot Latte,"Hazelnut Swirl Hot Latte with Whole Milk, Medium",340,9,5,0,30,170,53,0,50,11,384,drink,medium
Hot Latte,"Hazelnut Swirl Hot Latte with Whole Milk, Small",220,6,3.5,0,20,115,35,0,33,7,249.5,drink,small
Hot Latte,"Hot Latte with Almond Milk, Large",130,3.5,0,0,0,240,23,1,20,2,148,drink,large
Hot Latte,"Hot Latte with Almond Milk, Medium",100,3,0,0,0,180,17,1,15,1,114,drink,medium
Hot Latte,"Hot Latte with Almond Milk, Small",70,2,0,0,0,120,11,0,10,1,79,drink,small
Hot Latte,"Hot Latte with Skim Milk, Large",130,0,0,0,NA,170,20,0,18,12,136,drink,large
Hot Latte,"Hot Latte with Skim Milk, Medium",100,0,0,0,NA,125,15,0,14,9,105,drink,medium
Hot Latte,"Hot Latte with Skim Milk, Small",70,0,0,0,NA,85,10,0,9,6,73,drink,small
Hot Latte,"Hot Latte with Skim Milk and Sugar, Large",270,0,0,0,NA,170,54,0,53,12,311,drink,large
Hot Latte,"Hot Latte with Skim Milk and Sugar, Medium",200,0,0,0,NA,125,41,0,40,9,231,drink,medium
Hot Latte,"Hot Latte with Skim Milk and Sugar, Small",130,0,0,0,NA,85,27,0,26,6,150,drink,small
Hot Latte,"Hot Latte with Whole Milk, Large",230,12,7,0,35,170,19,0,18,12,243,drink,large
Hot Latte,"Hot Latte with Whole Milk, Medium",170,9,5,0,25,125,14,0,13,9,179,drink,medium
Hot Latte,"Hot Latte with Whole Milk, Small",120,6,3.5,0,20,85,9,0,9,6,126.5,drink,small
Hot Latte,"Hot Latte with Whole Milk and Sugar, Large",370,12,7,0,35,170,54,0,52,12,417,drink,large
Hot Latte,"Hot Latte with Whole Milk and Sugar, Medium",270,9,5,0,25,125,40,0,39,9,305,drink,medium
Hot Latte,"Hot Latte with Whole Milk and Sugar, Small",180,6,3.5,0,20,85,27,0,26,6,203.5,drink,small
Hot Latte,"Mocha Swirl Hot Latte with Skim Milk, Large",340,1,0.5,0,NA,200,70,2,64,14,390.5,drink,large
Hot Latte,"Mocha Swirl Hot Latte with Skim Milk, Medium",250,1,0.5,0,NA,150,52,2,48,10,288.5,drink,medium
Hot Latte,"Mocha Swirl Hot Latte with Skim Milk, Small",170,0.5,0,0,NA,100,35,1,32,7,195,drink,small
Hot Latte,"Mocha Swirl Hot Latte with Whole Milk, Large",440,13,7,0,35,200,69,2,63,13,497,drink,large
Hot Latte,"Mocha Swirl Hot Latte with Whole Milk, Medium",330,10,6,0,25,150,52,2,47,10,373,drink,medium
Hot Latte,"Mocha Swirl Hot Latte with Whole Milk, Small",220,6,3.5,0,20,100,35,1,32,7,248.5,drink,small
Hot Latte,"Butter Pecan Swirl Hot Latte with Skim Milk, Large",350,0.5,0,0,10,420,70,0,66,16,400,drink,large
Hot Latte,"Butter Pecan Swirl Hot Latte with Skim Milk, Medium",260,0,0,0,NA,320,52,0,50,12,298,drink,medium
Hot Latte,"Butter Pecan Swirl Hot Latte with Skim Milk, Small",170,0,0,0,NA,210,35,0,33,8,195,drink,small
Hot Latte,"Butter Pecan Swirl Hot Latte with Whole Milk, Large",450,12,7,0,40,430,69,0,66,15,508,drink,large
Hot Latte,"Butter Pecan Swirl Hot Latte with Whole Milk, Medium",330,9,5,0,30,320,52,0,49,11,373,drink,medium
Hot Latte,"Butter Pecan Swirl Hot Latte with Whole Milk, Small",220,6,3.5,0,20,210,35,0,33,7,249.5,drink,small
Hot Latte,"Matcha Hot Latte with Skim Milk, Large",240,0,0,0,NA,150,45,2,43,14,269,drink,large
Hot Latte,"Matcha Hot Latte with Skim Milk, Medium",180,0,0,0,NA,115,34,1,32,11,201,drink,medium
Hot Latte,"Matcha Hot Latte with Skim Milk, Small",120,0,0,0,NA,75,23,1,22,7,135,drink,small
Hot Latte,"Matcha Hot Latte with Whole Milk, Large",340,12,7,0,35,160,44,2,43,13,377,drink,large
Hot Latte,"Matcha Hot Latte with Whole Milk, Medium",250,9,5,0,25,120,33,1,32,10,277,drink,medium
Hot Latte,"Matcha Hot Latte with Whole Milk, Small",170,6,3.5,0,20,80,22,1,21,7,187.5,drink,small
Hot Macchiato,"Caramel Swirl Hot Macchiato with Skim Milk, Large",310,0,0,0,10,190,66,0,63,11,362,drink,large
Hot Macchiato,"Caramel Swirl Hot Macchiato with Skim Milk, Medium",240,0,0,0,NA,140,49,0,47,8,279,drink,medium
Hot Macchiato,"Caramel Swirl Hot Macchiato with Skim Milk, Small",160,0,0,0,NA,95,33,0,32,6,186,drink,small
Hot Macchiato,"Caramel Swirl Hot Macchiato with Whole Milk, Large",380,8,4.5,0,30,190,65,0,63,11,436.5,drink,large
Hot Macchiato,"Caramel Swirl Hot Macchiato with Whole Milk, Medium",290,6,3.5,0,20,140,49,0,47,8,332.5,drink,medium
Hot Macchiato,"Caramel Swirl Hot Macchiato with Whole Milk, Small",190,4,2.5,0,15,95,33,0,31,5,218.5,drink,small
Hot Macchiato,"French Vanilla Swirl Hot Macchiato with Skim Milk, Large",310,0,0,0,10,180,65,0,61,11,360,drink,large
Hot Macchiato,"French Vanilla Swirl Hot Macchiato with Skim Milk, Medium",230,0,0,0,NA,135,49,0,46,8,268,drink,medium
Hot Macchiato,"French Vanilla Swirl Hot Macchiato with Skim Milk, Small",160,0,0,0,NA,90,33,0,30,5,185,drink,small
Hot Macchiato,"French Vanilla Swirl Hot Macchiato with Whole Milk, Large",380,8,4.5,0,30,180,65,0,60,10,434.5,drink,large
Hot Macchiato,"French Vanilla Swirl Hot Macchiato with Whole Milk, Medium",280,6,3.5,0,20,135,49,0,45,8,320.5,drink,medium
Hot Macchiato,"French Vanilla Swirl Hot Macchiato with Whole Milk, Small",190,4,2.5,0,15,95,33,0,30,5,217.5,drink,small
Hot Macchiato,"Hazelnut Swirl Hot Macchiato with Macchiato with Skim Milk, Large",310,0,0,0,10,180,65,0,61,11,360,drink,large
Hot Macchiato,"Hazelnut Swirl Hot Macchiato with Macchiato with Skim Milk, Medium",230,0,0,0,NA,135,49,0,46,8,268,drink,medium
Hot Macchiato,"Hazelnut Swirl Hot Macchiato with Macchiato with Skim Milk, Small",160,0,0,0,NA,90,33,0,30,5,185,drink,small
Hot Macchiato,"Hazelnut Swirl Hot Macchiato with Whole Milk, Large",380,8,4.5,0,30,180,65,0,60,10,434.5,drink,large
Hot Macchiato,"Hazelnut Swirl Hot Macchiato with Whole Milk, Medium",280,6,3.5,0,20,135,49,0,45,8,320.5,drink,medium
Hot Macchiato,"Hazelnut Swirl Hot Macchiato with Whole Milk, Small",190,4,2.5,0,15,95,33,0,30,5,217.5,drink,small
Hot Macchiato,"Hot Macchiato with Skim Milk, Large",90,0,0,0,NA,120,14,0,12,8,94,drink,large
Hot Macchiato,"Hot Macchiato with Skim Milk, Medium",70,0,0,0,NA,90,11,0,9,6,73,drink,medium
Hot Macchiato,"Hot Macchiato with Skim Milk, Small",50,0,0,0,0,65,7,0,6,4,52,drink,small
Hot Macchiato,"Hot Macchiato with Skim Milk and Sugar, Large",230,0,0,0,NA,120,49,0,47,8,269,drink,large
Hot Macchiato,"Hot Macchiato with Skim Milk and Sugar, Medium",170,0,0,0,NA,90,37,0,35,6,199,drink,medium
Hot Macchiato,"Hot Macchiato with Skim Milk and Sugar, Small",120,0,0,0,0,65,25,0,23,4,139,drink,small
Hot Macchiato,"Hot Macchiato with Whole Milk, Large",160,8,4.5,0,25,120,14,0,12,8,168.5,drink,large
Hot Macchiato,"Hot Macchiato with Whole Milk, Medium",120,6,3.5,0,20,90,10,0,9,6,126.5,drink,medium
Hot Macchiato,"Hot Macchiato with Whole Milk, Small",80,4,2.5,0,10,65,7,0,6,4,84.5,drink,small
Hot Macchiato,"Hot Macchiato with Whole Milk and Sugar, Large",290,8,4.5,0,25,120,49,0,46,8,332.5,drink,large
Hot Macchiato,"Hot Macchiato with Whole Milk and Sugar, Medium",220,6,3.5,0,20,90,37,0,35,6,252.5,drink,medium
Hot Macchiato,"Hot Macchiato with Whole Milk and Sugar, Small",150,4,2.5,0,10,65,25,0,23,4,171.5,drink,small
Hot Macchiato,"Mocha Swirl Hot Macchiato with Skim Milk, Large",300,1,0.5,0,NA,150,65,2,58,10,348.5,drink,large
Hot Macchiato,"Mocha Swirl Hot Macchiato with Skim Milk, Medium",230,1,0.5,0,NA,110,49,2,43,7,266.5,drink,medium
Hot Macchiato,"Mocha Swirl Hot Macchiato with Skim Milk, Small",150,0.5,0,0,0,75,33,1,29,5,174,drink,small
Hot Macchiato,"Mocha Swirl Hot Macchiato with Whole Milk, Large",370,9,5,0,25,150,64,2,57,9,423,drink,large
Hot Macchiato,"Mocha Swirl Hot Macchiato with Whole Milk, Medium",280,7,4,0,20,115,48,2,43,7,320,drink,medium
Hot Macchiato,"Mocha Swirl Hot Macchiato with Whole Milk, Small",180,4.5,2.5,0,10,80,32,1,29,5,206.5,drink,small
Hot Macchiato,"Vanilla Chai/Vanilla Spice, Large",450,12,10,0,10,210,75,0,66,14,512,drink,large
Hot Macchiato,"Vanilla Chai/Vanilla Spice, Medium",340,9,7,0,10,160,56,0,49,10,386,drink,medium
Hot Macchiato,"Vanilla Chai/Vanilla Spice, Small",230,6,5,0,NA,105,37,0,33,7,261,drink,small
Hot Macchiato,"Butter Pecan Swirl Hot Macchiato with Skim Milk, Large",310,0,0,0,NA,380,64,0,60,12,358,drink,large
Hot Macchiato,"Butter Pecan Swirl Hot Macchiato with Skim Milk, Medium",230,0,0,0,NA,280,48,0,45,9,266,drink,medium
Hot Macchiato,"Butter Pecan Swirl Hot Macchiato with Skim Milk, Small",160,0,0,0,NA,190,33,0,30,6,184,drink,small
Hot Macchiato,"Butter Pecan Swirl Hot Macchiato with Whole Milk, Large",380,8,4.5,0,25,380,64,0,60,11,433.5,drink,large
Hot Macchiato,"Butter Pecan Swirl Hot Macchiato with Whole Milk, Medium",280,6,3.5,0,20,290,48,0,45,8,320.5,drink,medium
Hot Macchiato,"Butter Pecan Swirl Hot Macchiato with Whole Milk, Small",190,4,2.5,0,15,190,32,0,30,6,216.5,drink,small
Iced Americano,"Iced Americano, Large",10,0,0,0,0,40,2,0,0,0,10,drink,large
Iced Americano,"Iced Americano, Medium",10,0,0,0,0,30,2,0,0,0,10,drink,medium
Iced Americano,"Iced Americano, Small",5,0,0,0,0,25,1,0,0,0,5,drink,small
Iced Cappuccino,"Caramel Swirl Iced Cappuccino with Skim Milk, Large",310,0,0,0,10,200,65,0,63,11,362,drink,large
Iced Cappuccino,"Caramel Swirl Iced Cappuccino with Skim Milk, Medium",230,0,0,0,NA,150,49,0,47,8,269,drink,medium
Iced Cappuccino,"Caramel Swirl Iced Cappuccino with Skim Milk, Small",160,0,0,0,NA,100,33,0,32,6,186,drink,small
Iced Cappuccino,"Caramel Swirl Iced Cappuccino with Whole Milk, Large",380,8,4.5,0,30,200,65,0,63,11,436.5,drink,large
Iced Cappuccino,"Caramel Swirl Iced Cappuccino with Whole Milk, Medium",280,6,3.5,0,20,150,48,0,47,8,322.5,drink,medium
Iced Cappuccino,"Caramel Swirl Iced Cappuccino with Whole Milk, Small",190,4,2.5,0,15,100,32,0,31,5,218.5,drink,small
Iced Cappuccino,"French Vanilla Swirl Iced Cappuccino with Skim Milk, Large",310,0,0,0,10,190,65,0,61,11,360,drink,large
Iced Cappuccino,"French Vanilla Swirl Iced Cappuccino with Skim Milk, Medium",230,0,0,0,NA,140,48,0,46,8,268,drink,medium
Iced Cappuccino,"French Vanilla Swirl Iced Cappuccino with Skim Milk, Small",150,0,0,0,NA,95,32,0,30,5,175,drink,small
Iced Cappuccino,"French Vanilla Swirl Iced Cappuccino with Whole Milk, Large",370,8,4.5,0,30,190,64,0,60,10,424.5,drink,large
Iced Cappuccino,"French Vanilla Swirl Iced Cappuccino with Whole Milk, Medium",280,6,3.5,0,20,140,48,0,45,8,320.5,drink,medium
Iced Cappuccino,"French Vanilla Swirl Iced Cappuccino with Whole Milk, Small",190,4,2.5,0,15,95,32,0,30,5,217.5,drink,small
Iced Cappuccino,"Hazelnut Swirl Iced Cappuccino with Skim Milk, Large",310,0,0,0,10,190,65,0,61,11,360,drink,large
Iced Cappuccino,"Hazelnut Swirl Iced Cappuccino with Skim Milk, Medium",230,0,0,0,NA,140,49,0,46,8,268,drink,medium
Iced Cappuccino,"Hazelnut Swirl Iced Cappuccino with Skim Milk, Small",150,0,0,0,NA,95,32,0,30,5,175,drink,small
Iced Cappuccino,"Hazelnut Swirl Iced Cappuccino with Whole Milk, Large",370,8,4.5,0,30,190,64,0,60,10,424.5,drink,large
Iced Cappuccino,"Hazelnut Swirl Iced Cappuccino with Whole Milk, Medium",280,6,3.5,0,20,140,48,0,45,8,320.5,drink,medium
Iced Cappuccino,"Hazelnut Swirl Iced Cappuccino with Whole Milk, Small",190,4,2.5,0,15,95,32,0,30,5,217.5,drink,small
Iced Cappuccino,"Iced Cappuccino with Skim Milk, Large",90,0,0,0,NA,130,13,0,12,8,94,drink,large
Iced Cappuccino,"Iced Cappuccino with Skim Milk, Medium",70,0,0,0,NA,95,10,0,9,6,73,drink,medium
Iced Cappuccino,"Iced Cappuccino with Skim Milk, Small",45,0,0,0,0,65,7,0,6,4,47,drink,small
Iced Cappuccino,"Iced Cappuccino with Skim Milk and Sugar, Large",230,0,0,0,NA,130,48,0,47,8,269,drink,large
Iced Cappuccino,"Iced Cappuccino with Skim Milk and Sugar, Medium",170,0,0,0,NA,95,36,0,35,6,199,drink,medium
Iced Cappuccino,"Iced Cappuccino with Skim Milk and Sugar, Small",110,0,0,0,0,65,24,0,23,4,129,drink,small
Iced Cappuccino,"Iced Cappuccino with Whole Milk, Large",160,8,4.5,0,25,130,13,0,12,8,168.5,drink,large
Iced Cappuccino,"Iced Cappuccino with Whole Milk, Medium",120,6,3.5,0,20,100,10,0,9,6,126.5,drink,medium
Iced Cappuccino,"Iced Cappuccino with Whole Milk, Small",80,4,2.5,0,10,65,7,0,6,4,84.5,drink,small
Iced Cappuccino,"Iced Cappuccino with Whole Milk and Sugar, Large",290,8,4.5,0,25,130,48,0,46,8,332.5,drink,large
Iced Cappuccino,"Iced Cappuccino with Whole Milk and Sugar, Medium",220,6,3.5,0,20,100,36,0,35,6,252.5,drink,medium
Iced Cappuccino,"Iced Cappuccino with Whole Milk and Sugar, Small",150,4,2.5,0,10,65,24,0,23,4,171.5,drink,small
Iced Cappuccino,"Mocha Swirl Iced Cappuccino with Skim Milk, Large",300,1,0.5,0,NA,160,64,2,58,10,348.5,drink,large
Iced Cappuccino,"Mocha Swirl Iced Cappuccino with Skim Milk, Medium",220,1,0.5,0,NA,115,48,2,43,7,256.5,drink,medium
Iced Cappuccino,"Mocha Swirl Iced Cappuccino with Skim Milk, Small",150,0.5,0,0,0,80,32,1,29,5,174,drink,small
Iced Cappuccino,"Mocha Swirl Iced Cappuccino with Whole Milk, Large",360,9,5,0,25,160,63,2,57,9,413,drink,large
Iced Cappuccino,"Mocha Swirl Iced Cappuccino with Whole Milk, Medium",270,7,4,0,20,120,48,2,43,7,310,drink,medium
Iced Cappuccino,"Mocha Swirl Iced Cappuccino with Whole Milk, Small",180,4.5,2.5,0,10,80,32,1,29,5,206.5,drink,small
Iced Cappuccino,"Butter Pecan Swirl Iced Cappuccino with Skim Milk, Large",310,0,0,0,NA,390,64,0,60,11,359,drink,large
Iced Cappuccino,"Butter Pecan Swirl Iced Cappuccino with Skim Milk, Medium",230,0,0,0,NA,290,48,0,45,9,266,drink,medium
Iced Cappuccino,"Butter Pecan Swirl Iced Cappuccino with Skim Milk, Small",150,0,0,0,NA,190,32,0,30,6,174,drink,small
Iced Cappuccino,"Butter Pecan Swirl Iced Cappuccino with Whole Milk, Large",370,8,4.5,0,25,390,63,0,60,11,423.5,drink,large
Iced Cappuccino,"Butter Pecan Swirl Iced Cappuccino with Whole Milk, Medium",280,6,3.5,0,20,290,47,0,45,8,320.5,drink,medium
Iced Cappuccino,"Butter Pecan Swirl Iced Cappuccino with Whole Milk, Small",190,4,2.5,0,15,190,32,0,30,5,217.5,drink,small
Iced Coffee,"Caramel Swirl Iced Coffee, Large",230,0,0,0,NA,85,52,0,51,3,278,drink,large
Iced Coffee,"Caramel Swirl Iced Coffee, Medium",170,0,0,0,NA,65,39,0,38,3,205,drink,medium
Iced Coffee,"Caramel Swirl Iced Coffee, Small",110,0,0,0,0,45,26,0,26,2,134,drink,small
Iced Coffee,"Caramel Swirl Iced Coffee with Cream, Large",340,12,6,0,40,130,53,0,53,5,394,drink,large
Iced Coffee,"Caramel Swirl Iced Coffee with Cream, Medium",260,9,4.5,0,30,95,40,0,40,4,300.5,drink,medium
Iced Coffee,"Caramel Swirl Iced Coffee with Cream, Small",170,6,3,0,20,65,27,0,26,3,196,drink,small
Iced Coffee,"French Vanilla Swirl Iced Coffee, Large",220,0,0,0,NA,80,51,0,49,3,266,drink,large
Iced Coffee,"French Vanilla Swirl Iced Coffee, Medium",170,0,0,0,NA,60,38,0,37,2,205,drink,medium
Iced Coffee,"French Vanilla Swirl Iced Coffee, Small",110,0,0,0,0,40,26,0,24,2,132,drink,small
Iced Coffee,"French Vanilla Swirl Iced Coffee with Cream, Large",340,12,6,0,40,120,53,0,50,5,391,drink,large
Iced Coffee,"French Vanilla Swirl Iced Coffee with Cream, Medium",250,9,4.5,0,30,90,40,0,38,4,288.5,drink,medium
Iced Coffee,"French Vanilla Swirl Iced Coffee with Cream, Small",170,6,3,0,20,60,26,0,25,2,196,drink,small
Iced Coffee,"Hazelnut Swirl Iced Coffee, Large",220,0,0,0,NA,80,51,0,49,3,266,drink,large
Iced Coffee,"Hazelnut Swirl Iced Coffee, Medium",170,0,0,0,NA,60,38,0,37,2,205,drink,medium
Iced Coffee,"Hazelnut Swirl Iced Coffee, Small",110,0,0,0,0,40,26,0,24,2,132,drink,small
Iced Coffee,"Hazelnut Swirl Iced Coffee with Cream, Large",340,12,6,0,40,120,53,0,50,5,391,drink,large
Iced Coffee,"Hazelnut Swirl Iced Coffee with Cream, Medium",250,9,4.5,0,30,90,40,0,38,4,288.5,drink,medium
Iced Coffee,"Hazelnut Swirl Iced Coffee with Cream, Small",170,6,3,0,20,60,27,0,25,2,196,drink,small
Iced Coffee,"Iced Cafe Au Lait with Skim Milk, Large",90,0,0,0,NA,120,12,0,12,9,93,drink,large
Iced Coffee,"Iced Cafe Au Lait with Skim Milk, Medium",60,0,0,0,NA,90,9,0,9,6,63,drink,medium
Iced Coffee,"Iced Cafe Au Lait with Skim Milk, Small",45,0,0,0,0,60,6,0,6,4,47,drink,small
Iced Coffee,"Iced Cafe Au Lait with Whole Milk, Large",150,8,4.5,0,25,120,12,0,12,8,158.5,drink,large
Iced Coffee,"Iced Cafe Au Lait with Whole Milk, Medium",110,6,3.5,0,20,90,9,0,9,6,116.5,drink,medium
Iced Coffee,"Iced Cafe Au Lait with Whole Milk, Small",80,4,2.5,0,10,60,6,0,6,4,84.5,drink,small
Iced Coffee,"Iced Coffee, Large",5,0,0,0,0,20,0,0,0,1,4,drink,large
Iced Coffee,"Iced Coffee, Medium",5,0,0,0,0,15,0,0,0,0,5,drink,medium
Iced Coffee,"Iced Coffee, Small",5,0,0,0,0,10,0,0,0,0,5,drink,small
Iced Coffee,"Iced Coffee with Almond Milk, Large",35,1,0,0,0,75,5,0,5,1,39,drink,large
Iced Coffee,"Iced Coffee with Almond Milk, Medium",25,0.5,0,0,0,50,4,0,3,1,27,drink,medium
Iced Coffee,"Iced Coffee with Almond Milk, Small",15,0,0,0,0,30,2,0,2,0,17,drink,small
Iced Coffee,"Iced Coffee with Cream, Large",120,12,6,0,35,65,2,0,2,2,126,drink,large
Iced Coffee,"Iced Coffee with Cream, Medium",90,9,4.5,0,25,45,1,0,1,2,93.5,drink,medium
Iced Coffee,"Iced Coffee with Cream, Small",60,6,3,0,20,30,1,0,1,1,63,drink,small
Iced Coffee,"Iced Coffee with Cream and Sugar, Large",260,12,6,0,35,65,37,0,36,2,300,drink,large
Iced Coffee,"Iced Coffee with Cream and Sugar, Medium",190,9,4.5,0,25,45,27,0,27,2,219.5,drink,medium
Iced Coffee,"Iced Coffee with Cream and Sugar, Small",130,6,3,0,20,30,18,0,18,1,150,drink,small
Iced Coffee,"Iced Coffee with Skim Milk, Large",25,0,0,0,0,45,3,0,3,3,25,drink,large
Iced Coffee,"Iced Coffee with Skim Milk, Medium",20,0,0,0,0,35,2,0,2,2,20,drink,medium
Iced Coffee,"Iced Coffee with Skim Milk, Small",15,0,0,0,0,25,2,0,2,1,16,drink,small
Iced Coffee,"Iced Coffee with Skim Milk and Sugar, Large",160,0,0,0,0,45,38,0,38,3,195,drink,large
Iced Coffee,"Iced Coffee with Skim Milk and Sugar, Medium",120,0,0,0,0,35,28,0,28,2,146,drink,medium
Iced Coffee,"Iced Coffee with Skim Milk and Sugar, Small",80,0,0,0,0,25,19,0,19,1,98,drink,small
Iced Coffee,"Iced Coffee with Sugar, Large",140,0,0,0,0,20,35,0,35,1,174,drink,large
Iced Coffee,"Iced Coffee with Sugar, Medium",110,0,0,0,0,15,26,0,26,0,136,drink,medium
Iced Coffee,"Iced Coffee with Sugar, Small",70,0,0,0,0,10,17,0,17,0,87,drink,small
Iced Coffee,"Iced Coffee with Whole Milk, Large",40,2,1,0,NA,45,3,0,3,3,41,drink,large
Iced Coffee,"Iced Coffee with Whole Milk, Medium",30,1.5,1,0,NA,35,2,0,2,2,31,drink,medium
Iced Coffee,"Iced Coffee with Whole Milk, Small",20,1,0.5,0,NA,25,1,0,1,1,20.5,drink,small
Iced Coffee,"Iced Coffee with Whole Milk and Sugar, Large",180,2,1,0,NA,45,38,0,38,3,216,drink,large
Iced Coffee,"Iced Coffee with Whole Milk and Sugar, Medium",130,1.5,1,0,NA,35,28,0,28,2,157,drink,medium
Iced Coffee,"Iced Coffee with Whole Milk and Sugar, Small",90,1,0.5,0,NA,25,19,0,19,1,108.5,drink,small
Iced Coffee,Mocha Swirl Iced Coffee Large,210,1,0,0,0,50,50,2,46,2,254,drink,large
Iced Coffee,Mocha Swirl Iced Coffee Medium,160,0.5,0,0,0,35,38,2,34,2,192,drink,medium
Iced Coffee,Mocha Swirl Iced Coffee Small,110,0,0,0,0,25,25,1,23,1,132,drink,small
Iced Coffee,"Mocha Swirl Iced Coffee with Cream, Large",330,12,7,0,35,90,52,2,47,4,380,drink,large
Iced Coffee,"Mocha Swirl Iced Coffee with Cream, Medium",240,9,5,0,25,65,39,2,35,3,277,drink,medium
Iced Coffee,"Mocha Swirl Iced Coffee with Cream, Small",160,6,3.5,0,20,45,26,1,24,2,185.5,drink,small
Iced Coffee,"Butter Pecan Swirl Iced Coffee with Black, Large",220,0,0,0,0,280,50,0,48,4,264,drink,large
Iced Coffee,"Butter Pecan Swirl Iced Coffee with Black, Medium",170,0,0,0,0,210,38,0,36,3,203,drink,medium
Iced Coffee,"Butter Pecan Swirl Iced Coffee with Black, Small",110,0,0,0,0,140,25,0,24,2,132,drink,small
Iced Coffee,"Butter Pecan Swirl Iced Coffee with Cream, Large",340,12,6,0,35,320,52,0,50,5,391,drink,large
Iced Coffee,"Butter Pecan Swirl Iced Coffee with Cream, Medium",250,9,4.5,0,30,240,39,0,37,4,287.5,drink,medium
Iced Coffee,"Butter Pecan Swirl Iced Coffee with Cream, Small",170,6,3,0,20,160,26,0,25,3,195,drink,small
Iced Latte,"Caramel Craze Signature Iced Latte with Skim Milk, Large",430,6,3.5,0,30,250,79,0,75,16,492.5,drink,large
Iced Latte,"Caramel Craze Signature Iced Latte with Skim Milk, Medium",340,5,3,0,25,190,61,0,57,12,388,drink,medium
Iced Latte,"Caramel Craze Signature Iced Latte with Skim Milk, Small",250,5,3,0,20,130,43,0,40,8,285,drink,small
Iced Latte,"Caramel Craze Signature Iced Latte with Whole Milk, Large",530,17,10,0.5,60,250,79,0,74,15,599,drink,large
Iced Latte,"Caramel Craze Signature Iced Latte with Whole Milk, Medium",410,14,8,0,45,190,61,0,57,11,464,drink,medium
Iced Latte,"Caramel Craze Signature Iced Latte with Whole Milk, Small",300,11,6,0,35,130,43,0,39,8,337,drink,small
Iced Latte,"Caramel Swirl Iced Latte with Skim Milk, Large",350,0,0,0,10,250,71,0,69,15,404,drink,large
Iced Latte,"Caramel Swirl Iced Latte with Skim Milk, Medium",260,0,0,0,10,190,53,0,52,11,301,drink,medium
Iced Latte,"Caramel Swirl Iced Latte with Skim Milk, Small",180,0,0,0,NA,125,36,0,35,8,207,drink,small
Iced Latte,"Caramel Swirl Iced Latte with Whole Milk, Large",450,12,7,0,40,250,70,0,69,14,512,drink,large
Iced Latte,"Caramel Swirl Iced Latte with Whole Milk, Medium",340,9,5,0,30,190,53,0,52,11,386,drink,medium
Iced Latte,"Caramel Swirl Iced Latte with Whole Milk, Small",230,6,3.5,0,20,125,35,0,34,7,260.5,drink,small
Iced Latte,"Cocoa Mocha Signature Iced Latte with Skim Milk, Large",420,6,4,0,25,220,78,2,69,15,478,drink,large
Iced Latte,"Cocoa Mocha Signature Iced Latte with Skim Milk, Medium",330,6,3.5,0,20,160,60,2,52,11,374.5,drink,medium
Iced Latte,"Cocoa Mocha Signature Iced Latte with Skim Milk, Small",250,5,3.5,0,20,115,43,1,36,8,281.5,drink,small
Iced Latte,"Cocoa Mocha Signature Iced Latte with Whole Milk, Large",520,18,11,0.5,55,220,77,2,68,14,585,drink,large
Iced Latte,"Cocoa Mocha Signature Iced Latte with Whole Milk, Medium",400,14,9,0,45,170,60,2,52,10,451,drink,medium
Iced Latte,"Cocoa Mocha Signature Iced Latte with Whole Milk, Small",300,11,7,0,35,115,42,1,36,7,336,drink,small
Iced Latte,"French Vanilla Swirl Iced Latte with Skim Milk, Large",350,0,0,0,10,240,71,0,67,15,402,drink,large
Iced Latte,"French Vanilla Swirl Iced Latte with Skim Milk, Medium",260,0,0,0,10,180,53,0,50,11,299,drink,medium
Iced Latte,"French Vanilla Swirl Iced Latte with Skim Milk, Small",170,0,0,0,NA,120,35,0,33,7,196,drink,small
Iced Latte,"French Vanilla Swirl Iced Latte with Whole Milk, Large",450,12,7,0,40,240,70,0,66,14,509,drink,large
Iced Latte,"French Vanilla Swirl Iced Latte with Whole Milk, Medium",330,9,5,0,30,180,52,0,50,11,374,drink,medium
Iced Latte,"French Vanilla Swirl Iced Latte with Whole Milk, Small",220,6,3.5,0,20,120,35,0,33,7,249.5,drink,small
Iced Latte,"Hazelnut Swirl Iced Latte with Skim Milk, Large",350,0,0,0,10,240,71,0,67,15,402,drink,large
Iced Latte,"Hazelnut Swirl Iced Latte with Skim Milk, Medium",260,0,0,0,10,180,53,0,50,11,299,drink,medium
Iced Latte,"Hazelnut Swirl Iced Latte with Skim Milk, Small",170,0,0,0,NA,120,35,0,33,7,196,drink,small
Iced Latte,"Hazelnut Swirl Iced Latte with Whole Milk, Large",450,12,7,0,40,240,70,0,66,14,509,drink,large
Iced Latte,"Hazelnut Swirl Iced Latte with Whole Milk, Medium",340,9,5,0,30,180,53,0,50,11,384,drink,medium
Iced Latte,"Hazelnut Swirl Iced Latte with Whole Milk, Small",220,6,3.5,0,20,120,35,0,33,7,249.5,drink,small
Iced Latte,"Iced Latte with Almond Milk, Large",130,3.5,0,0,0,260,23,1,20,2,148,drink,large
Iced Latte,"Iced Latte with Almond Milk, Medium",100,3,0,0,0,190,17,1,15,1,114,drink,medium
Iced Latte,"Iced Latte with Almond Milk, Small",70,2,0,0,0,130,11,0,10,1,79,drink,small
Iced Latte,"Iced Latte with Skim Milk, Large",130,0,0,0,NA,180,20,0,18,12,136,drink,large
Iced Latte,"Iced Latte with Skim Milk, Medium",100,0,0,0,NA,135,15,0,14,9,105,drink,medium
Iced Latte,"Iced Latte with Skim Milk, Small",70,0,0,0,NA,90,10,0,9,6,73,drink,small
Iced Latte,"Iced Latte with Skim Milk and Sugar, Large",270,0,0,0,NA,180,54,0,53,12,311,drink,large
Iced Latte,"Iced Latte with Skim Milk and Sugar, Medium",200,0,0,0,NA,135,41,0,40,9,231,drink,medium
Iced Latte,"Iced Latte with Skim Milk and Sugar, Small",130,0,0,0,NA,90,27,0,26,6,150,drink,small
Iced Latte,"Iced Latte with Whole Milk, Large",230,12,7,0,35,180,19,0,18,12,243,drink,large
Iced Latte,"Iced Latte with Whole Milk, Medium",170,9,5,0,25,135,14,0,13,9,179,drink,medium
Iced Latte,"Iced Latte with Whole Milk, Small",120,6,3.5,0,20,90,9,0,9,6,126.5,drink,small
Iced Latte,"Iced Latte with Whole Milk and Sugar, Large",370,12,7,0,35,180,54,0,52,12,417,drink,large
Iced Latte,"Iced Latte with Whole Milk and Sugar, Medium",270,9,5,0,25,135,40,0,39,9,305,drink,medium
Iced Latte,"Iced Latte with Whole Milk and Sugar, Small",180,6,3.5,0,20,90,27,0,26,6,203.5,drink,small
Iced Latte,"Mocha Swirl Iced Latte with Skim Milk, Large",340,1,0.5,0,NA,210,70,2,64,14,390.5,drink,large
Iced Latte,"Mocha Swirl Iced Latte with Skim Milk, Medium",250,1,0.5,0,NA,160,52,2,48,10,288.5,drink,medium
Iced Latte,"Mocha Swirl Iced Latte with Skim Milk, Small",170,0.5,0,0,NA,105,35,1,32,7,195,drink,small
Iced Latte,"Mocha Swirl Iced Latte with Whole Milk, Large",440,13,7,0,35,220,69,2,63,13,497,drink,large
Iced Latte,"Mocha Swirl Iced Latte with Whole Milk, Medium",330,10,6,0,25,160,52,2,47,10,373,drink,medium
Iced Latte,"Mocha Swirl Iced Latte with Whole Milk, Small",220,6,3.5,0,20,110,35,1,32,7,248.5,drink,small
Iced Latte,"Butter Pecan Swirl Iced Latte with Skim Milk, Large",350,0.5,0,0,10,440,70,0,66,16,400,drink,large
Iced Latte,"Butter Pecan Swirl Iced Latte with Skim Milk, Medium",260,0,0,0,NA,330,52,0,50,12,298,drink,medium
Iced Latte,"Butter Pecan Swirl Iced Latte with Skim Milk, Small",170,0,0,0,NA,220,35,0,33,8,195,drink,small
Iced Latte,"Butter Pecan Swirl Iced Latte with Whole Milk, Large",450,12,7,0,40,440,69,0,66,15,508,drink,large
Iced Latte,"Butter Pecan Swirl Iced Latte with Whole Milk, Medium",330,9,5,0,30,330,52,0,49,11,373,drink,medium
Iced Latte,"Butter Pecan Swirl Iced Latte with Whole Milk, Small",220,6,3.5,0,20,220,35,0,33,7,249.5,drink,small
Iced Latte,"Matcha Iced Latte with Skim Milk, Large",240,0,0,0,NA,170,45,2,43,14,269,drink,large
Iced Latte,"Matcha Iced Latte with Skim Milk, Medium",180,0,0,0,NA,125,34,1,32,11,201,drink,medium
Iced Latte,"Matcha Iced Latte with Skim Milk, Small",120,0,0,0,NA,85,23,1,22,7,135,drink,small
Iced Latte,"Matcha Iced Latte with Whole Milk, Large",340,12,7,0,35,170,44,2,43,13,377,drink,large
Iced Latte,"Matcha Iced Latte with Whole Milk, Medium",250,9,5,0,25,130,33,1,32,10,277,drink,medium
Iced Latte,"Matcha Iced Latte with Whole Milk, Small",170,6,3.5,0,20,85,22,1,21,7,187.5,drink,small
Iced Macchiato,"Caramel Swirl Iced Macchiato with Skim Milk, Large",310,0,0,0,10,200,66,0,63,11,362,drink,large
Iced Macchiato,"Caramel Swirl Iced Macchiato with Skim Milk, Medium",240,0,0,0,NA,150,49,0,47,8,279,drink,medium
Iced Macchiato,"Caramel Swirl Iced Macchiato with Skim Milk, Small",160,0,0,0,NA,105,33,0,32,6,186,drink,small
Iced Macchiato,"Caramel Swirl Iced Macchiato with Whole Milk, Large",380,8,4.5,0,30,200,65,0,63,11,436.5,drink,large
Iced Macchiato,"Caramel Swirl Iced Macchiato with Whole Milk, Medium",290,6,3.5,0,20,150,49,0,47,8,332.5,drink,medium
Iced Macchiato,"Caramel Swirl Iced Macchiato with Whole Milk, Small",190,4,2.5,0,15,105,33,0,31,5,218.5,drink,small
Iced Macchiato,"French Vanilla Swirl Iced Macchiato with Skim Milk, Large",310,0,0,0,10,190,65,0,61,11,360,drink,large
Iced Macchiato,"French Vanilla Swirl Iced Macchiato with Skim Milk, Medium",230,0,0,0,NA,150,49,0,46,8,268,drink,medium
Iced Macchiato,"French Vanilla Swirl Iced Macchiato with Skim Milk, Small",160,0,0,0,NA,100,33,0,30,5,185,drink,small
Iced Macchiato,"French Vanilla Swirl Iced Macchiato with Whole Milk, Large",380,8,4.5,0,30,200,65,0,60,10,434.5,drink,large
Iced Macchiato,"French Vanilla Swirl Iced Macchiato with Whole Milk, Medium",280,6,3.5,0,20,150,49,0,45,8,320.5,drink,medium
Iced Macchiato,"French Vanilla Swirl Iced Macchiato with Whole Milk, Small",190,4,2.5,0,15,100,33,0,30,5,217.5,drink,small
Iced Macchiato,"Hazelnut Swirl Iced Macchiato with Skim Milk, Large",310,0,0,0,10,190,65,0,61,11,360,drink,large
Iced Macchiato,"Hazelnut Swirl Iced Macchiato with Skim Milk, Medium",230,0,0,0,NA,150,49,0,46,8,268,drink,medium
Iced Macchiato,"Hazelnut Swirl Iced Macchiato with Skim Milk, Small",160,0,0,0,NA,100,33,0,30,5,185,drink,small
Iced Macchiato,"Hazelnut Swirl Iced Macchiato with Whole Milk, Large",380,8,4.5,0,30,200,65,0,60,10,434.5,drink,large
Iced Macchiato,"Hazelnut Swirl Iced Macchiato with Whole Milk, Medium",280,6,3.5,0,20,150,49,0,45,8,320.5,drink,medium
Iced Macchiato,"Hazelnut Swirl Iced Macchiato with Whole Milk, Small",190,4,2.5,0,15,100,33,0,30,5,217.5,drink,small
Iced Macchiato,"Iced Macchiato with Skim Milk, Large",90,0,0,0,NA,135,14,0,12,8,94,drink,large
Iced Macchiato,"Iced Macchiato with Skim Milk, Medium",70,0,0,0,NA,100,11,0,9,6,73,drink,medium
Iced Macchiato,"Iced Macchiato with Skim Milk, Small",50,0,0,0,0,70,7,0,6,4,52,drink,small
Iced Macchiato,"Iced Macchiato with Skim Milk and Sugar, Large",230,0,0,0,NA,135,49,0,47,8,269,drink,large
Iced Macchiato,"Iced Macchiato with Skim Milk and Sugar, Medium",170,0,0,0,NA,100,37,0,35,6,199,drink,medium
Iced Macchiato,"Iced Macchiato with Skim Milk and Sugar, Small",120,0,0,0,0,70,25,0,23,4,139,drink,small
Iced Macchiato,"Iced Macchiato with Whole Milk, Large",160,8,4.5,0,25,135,14,0,12,8,168.5,drink,large
Iced Macchiato,"Iced Macchiato with Whole Milk, Medium",120,6,3.5,0,20,105,10,0,9,6,126.5,drink,medium
Iced Macchiato,"Iced Macchiato with Whole Milk, Small",80,4,2.5,0,10,70,7,0,6,4,84.5,drink,small
Iced Macchiato,"Iced Macchiato with Whole Milk and Sugar, Large",290,8,4.5,0,25,140,49,0,46,8,332.5,drink,large
Iced Macchiato,"Iced Macchiato with Whole Milk and Sugar, Medium",220,6,3.5,0,20,105,37,0,35,6,252.5,drink,medium
Iced Macchiato,"Iced Macchiato with Whole Milk and Sugar, Small",150,4,2.5,0,10,70,25,0,23,4,171.5,drink,small
Iced Macchiato,"Mocha Swirl Iced Macchiato with Skim Milk, Large",300,1,0.5,0,NA,160,65,2,58,10,348.5,drink,large
Iced Macchiato,"Mocha Swirl Iced Macchiato with Skim Milk, Medium",230,1,0.5,0,NA,125,49,2,43,7,266.5,drink,medium
Iced Macchiato,"Mocha Swirl Iced Macchiato with Skim Milk, Small",150,0.5,0,0,0,85,33,1,29,5,174,drink,small
Iced Macchiato,"Mocha Swirl Iced Macchiato with Whole Milk, Large",370,9,5,0,25,170,64,2,57,9,423,drink,large
Iced Macchiato,"Mocha Swirl Iced Macchiato with Whole Milk, Medium",280,7,4,0,20,125,48,2,43,7,320,drink,medium
Iced Macchiato,"Mocha Swirl Iced Macchiato with Whole Milk, Small",180,4.5,2.5,0,10,85,32,1,29,5,206.5,drink,small
Iced Macchiato,"Butter Pecan Swirl Iced Macchiato with Skim Milk, Large",310,0,0,0,NA,390,64,0,60,12,358,drink,large
Iced Macchiato,"Butter Pecan Swirl Iced Macchiato with Skim Milk, Medium",230,0,0,0,NA,290,48,0,45,9,266,drink,medium
Iced Macchiato,"Butter Pecan Swirl Iced Macchiato with Skim Milk, Small",160,0,0,0,NA,200,33,0,30,6,184,drink,small
Iced Macchiato,"Butter Pecan Swirl Iced Macchiato with Whole Milk, Large",380,8,4.5,0,25,390,64,0,60,11,433.5,drink,large
Iced Macchiato,"Butter Pecan Swirl Iced Macchiato with Whole Milk, Medium",280,6,3.5,0,20,300,48,0,45,8,320.5,drink,medium
Iced Macchiato,"Butter Pecan Swirl Iced Macchiato with Whole Milk, Small",190,4,2.5,0,15,200,32,0,30,6,216.5,drink,small
Iced Tea,"Iced Green Tea Sweetened, Large",140,0,0,0,0,15,33,0,22,1,161,drink,large
Iced Tea,"Iced Green Tea Sweetened, Medium",100,0,0,0,0,10,25,0,25,1,124,drink,medium
Iced Tea,"Iced Green Tea Sweetened, Small",70,0,0,0,0,10,16,0,16,1,85,drink,small
Iced Tea,"Iced Green Tea Unsweetened, Large",5,0,0,0,0,15,0,0,0,1,4,drink,large
Iced Tea,"Iced Green Tea Unsweetened, Medium",5,0,0,0,0,10,0,0,0,1,4,drink,medium
Iced Tea,"Iced Green Tea Unsweetened, Small",5,0,0,0,0,10,0,0,0,1,4,drink,small
Iced Tea,"Iced Tea Sweetened, Large",140,0,0,0,0,25,35,0,33,0,173,drink,large
Iced Tea,"Iced Tea Sweetened, Medium",100,0,0,0,0,20,26,0,25,0,125,drink,medium
Iced Tea,"Iced Tea Sweetened, Small",70,0,0,0,0,15,17,0,16,0,86,drink,small
Iced Tea,"Iced Tea Sweetened Blueberry Flavored Tea, Large",150,0,0,0,0,25,38,0,33,0,183,drink,large
Iced Tea,"Iced Tea Sweetened Blueberry Flavored Tea, Medium",110,0,0,0,0,20,28,0,25,0,135,drink,medium
Iced Tea,"Iced Tea Sweetened Blueberry Flavored Tea, Small",80,0,0,0,0,15,19,0,17,0,97,drink,small
Iced Tea,"Iced Tea Sweetened Raspberry Flavored, Large",150,0,0,0,0,25,38,0,33,0,183,drink,large
Iced Tea,"Iced Tea Sweetened Raspberry Flavored, Medium",110,0,0,0,0,20,29,0,25,0,135,drink,medium
Iced Tea,"Iced Tea Sweetened Raspberry Flavored, Small",80,0,0,0,0,15,19,0,17,0,97,drink,small
Iced Tea,"Iced Tea Unsweetened, Large",5,0,0,0,0,25,2,0,0,0,5,drink,large
Iced Tea,"Iced Tea Unsweetened, Medium",5,0,0,0,0,20,1,0,0,0,5,drink,medium
Iced Tea,"Iced Tea Unsweetened, Small",5,0,0,0,0,15,1,0,0,0,5,drink,small
Iced Tea,"Iced Tea Unsweetened Blueberry Flavored Tea, Large",20,0,0,0,0,25,5,0,0,0,20,drink,large
Iced Tea,"Iced Tea Unsweetened Blueberry Flavored Tea, Medium",15,0,0,0,0,20,3,0,0,0,15,drink,medium
Iced Tea,"Iced Tea Unsweetened Blueberry Flavored Tea, Small",10,0,0,0,0,15,2,0,0,0,10,drink,small
Iced Tea,"Iced Tea Unsweetened Raspberry Flavored, Large",20,0,0,0,0,25,5,0,0,0,20,drink,large
Iced Tea,"Iced Tea Unsweetened Raspberry Flavored, Medium",15,0,0,0,0,20,4,0,0,0,15,drink,medium
Iced Tea,"Iced Tea Unsweetened Raspberry Flavored, Small",10,0,0,0,0,15,3,0,0,0,10,drink,small
Iced Tea,"Sweet Tea, Large",310,0,0,0,0,25,79,0,78,0,388,drink,large
Iced Tea,"Sweet Tea, Medium",230,0,0,0,0,20,60,0,58,0,288,drink,medium
Iced Tea,"Sweet Tea, Small",150,0,0,0,0,15,40,0,39,0,189,drink,small
Iced Tea,"Sweet Tea Blueberry Flavored, Large",330,0,0,0,0,30,86,0,81,0,411,drink,large
Iced Tea,"Sweet Tea Blueberry Flavored, Medium",250,0,0,0,0,20,64,0,60,0,310,drink,medium
Iced Tea,"Sweet Tea Blueberry Flavored, Small",170,0,0,0,0,15,43,0,40,0,210,drink,small
Iced Tea,"Sweet Tea Raspberry Flavored, Large",330,0,0,0,0,30,86,0,81,0,411,drink,large
Iced Tea,"Sweet Tea Raspberry Flavored, Medium",250,0,0,0,0,20,65,0,60,0,310,drink,medium
Iced Tea,"Sweet Tea Raspberry Flavored, Small",170,0,0,0,0,15,43,0,40,0,210,drink,small
Dunkin Refreshers,"Peach Passion Fruit Dunkin Refreshers, Large",180,0,0,0,0,20,43,0,39,1,218,drink,large
Dunkin Refreshers,"Peach Passion Fruit Dunkin Refreshers, Medium",130,0,0,0,0,15,32,0,29,1,158,drink,medium
Dunkin Refreshers,"Peach Passion Fruit Dunkin Refreshers, Small",90,0,0,0,0,10,21,0,20,0,110,drink,small
Dunkin Refreshers,"Strawberry Dragonfruit Dunkin Refreshers, Large",170,0,0,0,0,20,39,0,37,1,206,drink,large
Dunkin Refreshers,"Strawberry Dragonfruit Dunkin Refreshers, Medium",130,0,0,0,0,15,29,0,27,1,156,drink,medium
Dunkin Refreshers,"Strawberry Dragonfruit Dunkin Refreshers, Small",80,0,0,0,0,10,19,0,18,0,98,drink,small
Dunkin Refreshers,"Butter Pecan Swirl Frozen Chocolate, Large",900,17,13,0,40,570,175,1,162,12,1063,drink,large
Dunkin Refreshers,"Butter Pecan Swirl Frozen Chocolate, Medium",700,14,10,0,30,430,134,1,124,9,825,drink,medium
Dunkin Refreshers,"Butter Pecan Swirl Frozen Chocolate, Small",500,11,8,0,25,290,95,1,87,6,589,drink,small
